{
    "center": [
        -0.20061972737312317,
        0.1705830693244934,
        -1.1717479228973389
    ],
    "far": 0.5122392056138323,
    "near": 0.10891095985144743,
    "scale": 0.2715916376300303
}