{
    "focal_length": 719.9471435546875,
    "image_size": [
        720,
        960
    ],
    "orientation": [
        [
            0.8436211347579956,
            0.05885069817304611,
            -0.5337040424346924
        ],
        [
            0.09790293872356415,
            -0.994172215461731,
            0.0451284795999527
        ],
        [
            -0.5279378890991211,
            -0.09032253175973892,
            -0.8444663286209106
        ]
    ],
    "pixel_aspect_ratio": 1.0,
    "position": [
        0.3455352783203125,
        0.01968354359269142,
        -0.1058456301689148
    ],
    "principal_point": [
        358.8895263671875,
        484.92236328125
    ],
    "radial_distortion": [
        0.0,
        0.0,
        0.0
    ],
    "skew": 0.0,
    "tangential_distortion": [
        0.0,
        0.0
    ]
}