{
    "focal_length": 719.9471435546875,
    "image_size": [
        720,
        960
    ],
    "orientation": [
        [
            0.8467624187469482,
            0.0558934360742569,
            -0.5290267467498779
        ],
        [
            0.09807645529508591,
            -0.9938203692436218,
            0.051981162279844284
        ],
        [
            -0.5228521227836609,
            -0.095900759100914,
            -0.8470116257667542
        ]
    ],
    "pixel_aspect_ratio": 1.0,
    "position": [
        0.34154313802719116,
        0.017625844106078148,
        -0.10360743850469589
    ],
    "principal_point": [
        358.8895263671875,
        484.92236328125
    ],
    "radial_distortion": [
        0.0,
        0.0,
        0.0
    ],
    "skew": 0.0,
    "tangential_distortion": [
        0.0,
        0.0
    ]
}