{
    "focal_length": 719.9471435546875,
    "image_size": [
        720,
        960
    ],
    "orientation": [
        [
            0.92594313621521,
            0.058750104159116745,
            -0.373065322637558
        ],
        [
            0.09541695564985275,
            -0.9921708106994629,
            0.08057714253664017
        ],
        [
            -0.36541059613227844,
            -0.11020661145448685,
            -0.9242995381355286
        ]
    ],
    "pixel_aspect_ratio": 1.0,
    "position": [
        0.2604116201400757,
        0.009636031463742256,
        -0.04574425145983696
    ],
    "principal_point": [
        358.8895263671875,
        484.92236328125
    ],
    "radial_distortion": [
        0.0,
        0.0,
        0.0
    ],
    "skew": 0.0,
    "tangential_distortion": [
        0.0,
        0.0
    ]
}