{
    "focal_length": 719.9471435546875,
    "image_size": [
        720,
        960
    ],
    "orientation": [
        [
            0.8113364577293396,
            0.13548068702220917,
            -0.568663477897644
        ],
        [
            0.1679397076368332,
            -0.9857858419418335,
            0.0047491551376879215
        ],
        [
            -0.5599370002746582,
            -0.0993543416261673,
            -0.8225565552711487
        ]
    ],
    "pixel_aspect_ratio": 1.0,
    "position": [
        0.3801701068878174,
        0.025225549936294556,
        -0.1277264654636383
    ],
    "principal_point": [
        358.8895263671875,
        484.92236328125
    ],
    "radial_distortion": [
        0.0,
        0.0,
        0.0
    ],
    "skew": 0.0,
    "tangential_distortion": [
        0.0,
        0.0
    ]
}