{
    "focal_length": 719.9471435546875,
    "image_size": [
        720,
        960
    ],
    "orientation": [
        [
            0.9402705430984497,
            0.008164971135556698,
            -0.3403302729129791
        ],
        [
            0.03290357440710068,
            -0.9972114562988281,
            0.06698217242956161
        ],
        [
            -0.33883434534072876,
            -0.07417944073677063,
            -0.9379172325134277
        ]
    ],
    "pixel_aspect_ratio": 1.0,
    "position": [
        0.31829312443733215,
        -0.007759709842503071,
        -0.07351517677307129
    ],
    "principal_point": [
        358.8895263671875,
        484.92236328125
    ],
    "radial_distortion": [
        0.0,
        0.0,
        0.0
    ],
    "skew": 0.0,
    "tangential_distortion": [
        0.0,
        0.0
    ]
}