{
    "focal_length": 719.9471435546875,
    "image_size": [
        720,
        960
    ],
    "orientation": [
        [
            0.9935829043388367,
            0.07944449037313461,
            0.08050796389579773
        ],
        [
            0.07701043039560318,
            -0.9964871406555176,
            0.03290564566850662
        ],
        [
            0.08283931761980057,
            -0.02649453654885292,
            -0.9962106347084045
        ]
    ],
    "pixel_aspect_ratio": 1.0,
    "position": [
        -0.011608763597905636,
        0.002662915037944913,
        0.005666849669069052
    ],
    "principal_point": [
        358.8895263671875,
        484.92236328125
    ],
    "radial_distortion": [
        0.0,
        0.0,
        0.0
    ],
    "skew": 0.0,
    "tangential_distortion": [
        0.0,
        0.0
    ]
}