{
    "focal_length": 719.9471435546875,
    "image_size": [
        720,
        960
    ],
    "orientation": [
        [
            0.9980158805847168,
            0.03287922963500023,
            0.05369594693183899
        ],
        [
            0.03434302657842636,
            -0.999056875705719,
            -0.026569319888949394
        ],
        [
            0.05277172476053238,
            0.028360683470964432,
            -0.9982038140296936
        ]
    ],
    "pixel_aspect_ratio": 1.0,
    "position": [
        0.006761766970157623,
        0.005821858532726765,
        0.0004058089107275009
    ],
    "principal_point": [
        358.8895263671875,
        484.92236328125
    ],
    "radial_distortion": [
        0.0,
        0.0,
        0.0
    ],
    "skew": 0.0,
    "tangential_distortion": [
        0.0,
        0.0
    ]
}