{
    "focal_length": 719.9471435546875,
    "image_size": [
        720,
        960
    ],
    "orientation": [
        [
            0.6937311291694641,
            0.17507651448249817,
            -0.6986310482025146
        ],
        [
            0.18413878977298737,
            -0.9808816313743591,
            -0.06296104937791824
        ],
        [
            -0.6962974071502686,
            -0.08496703952550888,
            -0.7127065062522888
        ]
    ],
    "pixel_aspect_ratio": 1.0,
    "position": [
        0.43458157777786255,
        0.0219586081802845,
        -0.16504479944705963
    ],
    "principal_point": [
        358.8895263671875,
        484.92236328125
    ],
    "radial_distortion": [
        0.0,
        0.0,
        0.0
    ],
    "skew": 0.0,
    "tangential_distortion": [
        0.0,
        0.0
    ]
}