{
    "focal_length": 719.9471435546875,
    "image_size": [
        720,
        960
    ],
    "orientation": [
        [
            0.7864758372306824,
            0.12823085486888885,
            -0.6041627526283264
        ],
        [
            0.14769701659679413,
            -0.9888757467269897,
            -0.017618171870708466
        ],
        [
            -0.5997010469436646,
            -0.07537677139043808,
            -0.7966662049293518
        ]
    ],
    "pixel_aspect_ratio": 1.0,
    "position": [
        0.47002294659614563,
        0.019495155662298203,
        -0.18489140272140503
    ],
    "principal_point": [
        358.8895263671875,
        484.92236328125
    ],
    "radial_distortion": [
        0.0,
        0.0,
        0.0
    ],
    "skew": 0.0,
    "tangential_distortion": [
        0.0,
        0.0
    ]
}