{
    "focal_length": 719.9471435546875,
    "image_size": [
        720,
        960
    ],
    "orientation": [
        [
            0.9912879467010498,
            0.10929112881422043,
            -0.07350941002368927
        ],
        [
            0.10982704162597656,
            -0.993945300579071,
            0.003275972092524171
        ],
        [
            -0.07270629703998566,
            -0.011320753023028374,
            -0.9972891211509705
        ]
    ],
    "pixel_aspect_ratio": 1.0,
    "position": [
        0.129177063703537,
        0.017564021050930023,
        -0.056037962436676025
    ],
    "principal_point": [
        358.8895263671875,
        484.92236328125
    ],
    "radial_distortion": [
        0.0,
        0.0,
        0.0
    ],
    "skew": 0.0,
    "tangential_distortion": [
        0.0,
        0.0
    ]
}