{
    "focal_length": 719.9471435546875,
    "image_size": [
        720,
        960
    ],
    "orientation": [
        [
            0.8639869689941406,
            0.09689449518918991,
            -0.49410325288772583
        ],
        [
            0.13497807085514069,
            -0.9899627566337585,
            0.04188871756196022
        ],
        [
            -0.48508504033088684,
            -0.10288441181182861,
            -0.8683935403823853
        ]
    ],
    "pixel_aspect_ratio": 1.0,
    "position": [
        0.3781784176826477,
        0.002756236121058464,
        -0.11941027641296387
    ],
    "principal_point": [
        358.8895263671875,
        484.92236328125
    ],
    "radial_distortion": [
        0.0,
        0.0,
        0.0
    ],
    "skew": 0.0,
    "tangential_distortion": [
        0.0,
        0.0
    ]
}