{
    "focal_length": 719.9471435546875,
    "image_size": [
        720,
        960
    ],
    "orientation": [
        [
            0.9628101587295532,
            -0.006184636615216732,
            -0.2701079845428467
        ],
        [
            0.022852446883916855,
            -0.9942911863327026,
            0.10422459989786148
        ],
        [
            -0.2692106068134308,
            -0.1065211296081543,
            -0.9571723341941833
        ]
    ],
    "pixel_aspect_ratio": 1.0,
    "position": [
        0.25687363743782043,
        -0.012456360273063183,
        -0.04567876085639
    ],
    "principal_point": [
        358.8895263671875,
        484.92236328125
    ],
    "radial_distortion": [
        0.0,
        0.0,
        0.0
    ],
    "skew": 0.0,
    "tangential_distortion": [
        0.0,
        0.0
    ]
}