{
    "focal_length": 719.9471435546875,
    "image_size": [
        720,
        960
    ],
    "orientation": [
        [
            0.9951299428939819,
            -0.005553329363465309,
            0.09841515123844147
        ],
        [
            -0.0030093761160969734,
            -0.9996579885482788,
            -0.025978820398449898
        ],
        [
            0.0985257551074028,
            0.025556134060025215,
            -0.9948062896728516
        ]
    ],
    "pixel_aspect_ratio": 1.0,
    "position": [
        0.0015920251607894897,
        -0.0004830397665500641,
        0.007841864600777626
    ],
    "principal_point": [
        358.8895263671875,
        484.92236328125
    ],
    "radial_distortion": [
        0.0,
        0.0,
        0.0
    ],
    "skew": 0.0,
    "tangential_distortion": [
        0.0,
        0.0
    ]
}