{
    "focal_length": 719.9471435546875,
    "image_size": [
        720,
        960
    ],
    "orientation": [
        [
            0.9955635666847229,
            0.01448575034737587,
            0.09296977519989014
        ],
        [
            0.019512005150318146,
            -0.9983834028244019,
            -0.053384099155664444
        ],
        [
            0.09204617142677307,
            0.05496129021048546,
            -0.9942367672920227
        ]
    ],
    "pixel_aspect_ratio": 1.0,
    "position": [
        -0.0020305663347244263,
        -0.0007227123714983463,
        0.011330733075737953
    ],
    "principal_point": [
        358.8895263671875,
        484.92236328125
    ],
    "radial_distortion": [
        0.0,
        0.0,
        0.0
    ],
    "skew": 0.0,
    "tangential_distortion": [
        0.0,
        0.0
    ]
}