{
    "focal_length": 719.9471435546875,
    "image_size": [
        720,
        960
    ],
    "orientation": [
        [
            0.9928613901138306,
            0.11008907854557037,
            -0.04589824005961418
        ],
        [
            0.10944337397813797,
            -0.9938583970069885,
            -0.0163589920848608
        ],
        [
            -0.0474172979593277,
            0.011218953877687454,
            -0.9988121390342712
        ]
    ],
    "pixel_aspect_ratio": 1.0,
    "position": [
        0.1075875386595726,
        0.015535100363194942,
        -0.04467909783124924
    ],
    "principal_point": [
        358.8895263671875,
        484.92236328125
    ],
    "radial_distortion": [
        0.0,
        0.0,
        0.0
    ],
    "skew": 0.0,
    "tangential_distortion": [
        0.0,
        0.0
    ]
}