{
    "focal_length": 719.9471435546875,
    "image_size": [
        720,
        960
    ],
    "orientation": [
        [
            0.9614947438240051,
            0.0029016807675361633,
            -0.27480798959732056
        ],
        [
            0.022443028166890144,
            -0.9974334239959717,
            0.06799154728651047
        ],
        [
            -0.2739053964614868,
            -0.07154103368520737,
            -0.9590921401977539
        ]
    ],
    "pixel_aspect_ratio": 1.0,
    "position": [
        0.2894476056098938,
        -0.007509106304496527,
        -0.05501747503876686
    ],
    "principal_point": [
        358.8895263671875,
        484.92236328125
    ],
    "radial_distortion": [
        0.0,
        0.0,
        0.0
    ],
    "skew": 0.0,
    "tangential_distortion": [
        0.0,
        0.0
    ]
}