{
    "focal_length": 719.9471435546875,
    "image_size": [
        720,
        960
    ],
    "orientation": [
        [
            0.792208194732666,
            0.15695124864578247,
            -0.5897223949432373
        ],
        [
            0.17382866144180298,
            -0.9843643307685852,
            -0.028468843549489975
        ],
        [
            -0.5849699378013611,
            -0.07995741069316864,
            -0.8071041107177734
        ]
    ],
    "pixel_aspect_ratio": 1.0,
    "position": [
        0.3907768726348877,
        0.02425096556544304,
        -0.13227799534797668
    ],
    "principal_point": [
        358.8895263671875,
        484.92236328125
    ],
    "radial_distortion": [
        0.0,
        0.0,
        0.0
    ],
    "skew": 0.0,
    "tangential_distortion": [
        0.0,
        0.0
    ]
}