{
    "focal_length": 719.9471435546875,
    "image_size": [
        720,
        960
    ],
    "orientation": [
        [
            0.6954324245452881,
            0.16433197259902954,
            -0.6995489597320557
        ],
        [
            0.18697147071361542,
            -0.9813497066497803,
            -0.04465893656015396
        ],
        [
            -0.6938410997390747,
            -0.09973843395709991,
            -0.7131877541542053
        ]
    ],
    "pixel_aspect_ratio": 1.0,
    "position": [
        0.525745153427124,
        0.035739850252866745,
        -0.2384299337863922
    ],
    "principal_point": [
        358.8895263671875,
        484.92236328125
    ],
    "radial_distortion": [
        0.0,
        0.0,
        0.0
    ],
    "skew": 0.0,
    "tangential_distortion": [
        0.0,
        0.0
    ]
}