{
    "focal_length": 719.9471435546875,
    "image_size": [
        720,
        960
    ],
    "orientation": [
        [
            0.5391107201576233,
            0.16738173365592957,
            -0.8254349827766418
        ],
        [
            0.13608746230602264,
            -0.9844866991043091,
            -0.11075236648321152
        ],
        [
            -0.8311677575111389,
            -0.05262356251478195,
            -0.5535259246826172
        ]
    ],
    "pixel_aspect_ratio": 1.0,
    "position": [
        0.4994301497936249,
        0.02305184304714203,
        -0.2152877151966095
    ],
    "principal_point": [
        358.8895263671875,
        484.92236328125
    ],
    "radial_distortion": [
        0.0,
        0.0,
        0.0
    ],
    "skew": 0.0,
    "tangential_distortion": [
        0.0,
        0.0
    ]
}