{
    "focal_length": 719.9471435546875,
    "image_size": [
        720,
        960
    ],
    "orientation": [
        [
            0.9998100996017456,
            0.017470141872763634,
            -0.008637040853500366
        ],
        [
            0.017765410244464874,
            -0.9992159605026245,
            0.03538154810667038
        ],
        [
            -0.008012148551642895,
            -0.0355282686650753,
            -0.9993365406990051
        ]
    ],
    "pixel_aspect_ratio": 1.0,
    "position": [
        -0.003095977008342743,
        -0.0012020394206047058,
        0.0002269931137561798
    ],
    "principal_point": [
        358.8895263671875,
        484.92236328125
    ],
    "radial_distortion": [
        0.0,
        0.0,
        0.0
    ],
    "skew": 0.0,
    "tangential_distortion": [
        0.0,
        0.0
    ]
}