{
    "focal_length": 719.9471435546875,
    "image_size": [
        720,
        960
    ],
    "orientation": [
        [
            0.5732412934303284,
            0.17302824556827545,
            -0.8009092211723328
        ],
        [
            0.14038541913032532,
            -0.9837364554405212,
            -0.11204700171947479
        ],
        [
            -0.807270884513855,
            -0.04820600524544716,
            -0.5882090330123901
        ]
    ],
    "pixel_aspect_ratio": 1.0,
    "position": [
        0.5080510377883911,
        0.02632245607674122,
        -0.22316351532936096
    ],
    "principal_point": [
        358.8895263671875,
        484.92236328125
    ],
    "radial_distortion": [
        0.0,
        0.0,
        0.0
    ],
    "skew": 0.0,
    "tangential_distortion": [
        0.0,
        0.0
    ]
}