{
    "focal_length": 719.9471435546875,
    "image_size": [
        720,
        960
    ],
    "orientation": [
        [
            0.9716552495956421,
            -0.03687102720141411,
            -0.2335093766450882
        ],
        [
            -0.01461323443800211,
            -0.995241105556488,
            0.09634104371070862
        ],
        [
            -0.2359503209590912,
            -0.09019795060157776,
            -0.9675700068473816
        ]
    ],
    "pixel_aspect_ratio": 1.0,
    "position": [
        0.24166420102119446,
        -0.014937921427190304,
        -0.04374224320054054
    ],
    "principal_point": [
        358.8895263671875,
        484.92236328125
    ],
    "radial_distortion": [
        0.0,
        0.0,
        0.0
    ],
    "skew": 0.0,
    "tangential_distortion": [
        0.0,
        0.0
    ]
}