{
    "focal_length": 719.9471435546875,
    "image_size": [
        720,
        960
    ],
    "orientation": [
        [
            0.6171915531158447,
            0.17346422374248505,
            -0.7674534320831299
        ],
        [
            0.17072594165802002,
            -0.9816811084747314,
            -0.08458615839481354
        ],
        [
            -0.7680672407150269,
            -0.07881835103034973,
            -0.6355001330375671
        ]
    ],
    "pixel_aspect_ratio": 1.0,
    "position": [
        0.5133781433105469,
        0.028979824855923653,
        -0.23041357100009918
    ],
    "principal_point": [
        358.8895263671875,
        484.92236328125
    ],
    "radial_distortion": [
        0.0,
        0.0,
        0.0
    ],
    "skew": 0.0,
    "tangential_distortion": [
        0.0,
        0.0
    ]
}