{
    "focal_length": 719.9471435546875,
    "image_size": [
        720,
        960
    ],
    "orientation": [
        [
            0.9662154316902161,
            -0.00796600803732872,
            -0.25761276483535767
        ],
        [
            0.023909099400043488,
            -0.9924419522285461,
            0.12036336958408356
        ],
        [
            -0.2566245198249817,
            -0.12245623022317886,
            -0.9587222337722778
        ]
    ],
    "pixel_aspect_ratio": 1.0,
    "position": [
        0.27026820182800293,
        -0.010193921625614166,
        -0.05159210041165352
    ],
    "principal_point": [
        358.8895263671875,
        484.92236328125
    ],
    "radial_distortion": [
        0.0,
        0.0,
        0.0
    ],
    "skew": 0.0,
    "tangential_distortion": [
        0.0,
        0.0
    ]
}