{
    "focal_length": 719.9471435546875,
    "image_size": [
        720,
        960
    ],
    "orientation": [
        [
            0.8507312536239624,
            0.10641790181398392,
            -0.5147150754928589
        ],
        [
            0.14831885695457458,
            -0.9880953431129456,
            0.0408545546233654
        ],
        [
            -0.5042399168014526,
            -0.11109819263219833,
            -0.8563873767852783
        ]
    ],
    "pixel_aspect_ratio": 1.0,
    "position": [
        0.3983742594718933,
        0.0026264041662216187,
        -0.1351168155670166
    ],
    "principal_point": [
        358.8895263671875,
        484.92236328125
    ],
    "radial_distortion": [
        0.0,
        0.0,
        0.0
    ],
    "skew": 0.0,
    "tangential_distortion": [
        0.0,
        0.0
    ]
}