{
    "focal_length": 719.9471435546875,
    "image_size": [
        720,
        960
    ],
    "orientation": [
        [
            0.813514769077301,
            0.12316560000181198,
            -0.5683519840240479
        ],
        [
            0.14697574079036713,
            -0.9891321063041687,
            -0.003976618871092796
        ],
        [
            -0.5626649856567383,
            -0.08029892295598984,
            -0.8227759003639221
        ]
    ],
    "pixel_aspect_ratio": 1.0,
    "position": [
        0.44813114404678345,
        0.013609013520181179,
        -0.16676941514015198
    ],
    "principal_point": [
        358.8895263671875,
        484.92236328125
    ],
    "radial_distortion": [
        0.0,
        0.0,
        0.0
    ],
    "skew": 0.0,
    "tangential_distortion": [
        0.0,
        0.0
    ]
}