{
    "focal_length": 719.9471435546875,
    "image_size": [
        720,
        960
    ],
    "orientation": [
        [
            0.8485159873962402,
            0.10653479397296906,
            -0.5183348059654236
        ],
        [
            0.15095163881778717,
            -0.9875555038452148,
            0.04413333907723427
        ],
        [
            -0.5071826577186584,
            -0.11569133400917053,
            -0.8540381789207458
        ]
    ],
    "pixel_aspect_ratio": 1.0,
    "position": [
        0.4023783802986145,
        0.0023153689689934254,
        -0.13788984715938568
    ],
    "principal_point": [
        358.8895263671875,
        484.92236328125
    ],
    "radial_distortion": [
        0.0,
        0.0,
        0.0
    ],
    "skew": 0.0,
    "tangential_distortion": [
        0.0,
        0.0
    ]
}