{
    "focal_length": 719.9471435546875,
    "image_size": [
        720,
        960
    ],
    "orientation": [
        [
            0.9525228142738342,
            0.004629085771739483,
            -0.3044319748878479
        ],
        [
            0.02176213450729847,
            -0.998362123966217,
            0.05290977284312248
        ],
        [
            -0.3036884367465973,
            -0.057022854685783386,
            -0.9510634541511536
        ]
    ],
    "pixel_aspect_ratio": 1.0,
    "position": [
        0.3029731810092926,
        -0.006833785679191351,
        -0.06118495762348175
    ],
    "principal_point": [
        358.8895263671875,
        484.92236328125
    ],
    "radial_distortion": [
        0.0,
        0.0,
        0.0
    ],
    "skew": 0.0,
    "tangential_distortion": [
        0.0,
        0.0
    ]
}