{
    "focal_length": 719.9471435546875,
    "image_size": [
        720,
        960
    ],
    "orientation": [
        [
            0.9983971118927002,
            0.056345731019973755,
            0.0053213187493383884
        ],
        [
            0.05606772378087044,
            -0.9975104331970215,
            0.04277118667960167
        ],
        [
            0.0077180443331599236,
            -0.04240427538752556,
            -0.9990707039833069
        ]
    ],
    "pixel_aspect_ratio": 1.0,
    "position": [
        0.02270764857530594,
        0.01404514629393816,
        -0.01699872501194477
    ],
    "principal_point": [
        358.8895263671875,
        484.92236328125
    ],
    "radial_distortion": [
        0.0,
        0.0,
        0.0
    ],
    "skew": 0.0,
    "tangential_distortion": [
        0.0,
        0.0
    ]
}