{
    "focal_length": 719.9471435546875,
    "image_size": [
        720,
        960
    ],
    "orientation": [
        [
            0.6203688979148865,
            0.17689357697963715,
            -0.764101505279541
        ],
        [
            0.142465278506279,
            -0.9834421277046204,
            -0.11200549453496933
        ],
        [
            -0.7712626457214355,
            -0.039373207837343216,
            -0.6352980732917786
        ]
    ],
    "pixel_aspect_ratio": 1.0,
    "position": [
        0.4689079821109772,
        0.02674056775867939,
        -0.17917270958423615
    ],
    "principal_point": [
        358.8895263671875,
        484.92236328125
    ],
    "radial_distortion": [
        0.0,
        0.0,
        0.0
    ],
    "skew": 0.0,
    "tangential_distortion": [
        0.0,
        0.0
    ]
}