{
    "focal_length": 719.9471435546875,
    "image_size": [
        720,
        960
    ],
    "orientation": [
        [
            0.9412434697151184,
            0.10570826381444931,
            -0.32075923681259155
        ],
        [
            0.12986060976982117,
            -0.990016758441925,
            0.05479967221617699
        ],
        [
            -0.3117642402648926,
            -0.09323382377624512,
            -0.945574164390564
        ]
    ],
    "pixel_aspect_ratio": 1.0,
    "position": [
        0.19145849347114563,
        0.007847451604902744,
        -0.0631958544254303
    ],
    "principal_point": [
        358.8895263671875,
        484.92236328125
    ],
    "radial_distortion": [
        0.0,
        0.0,
        0.0
    ],
    "skew": 0.0,
    "tangential_distortion": [
        0.0,
        0.0
    ]
}