{
    "focal_length": 719.9471435546875,
    "image_size": [
        720,
        960
    ],
    "orientation": [
        [
            0.539410412311554,
            0.1635793000459671,
            -0.8260013461112976
        ],
        [
            0.12793798744678497,
            -0.9854816794395447,
            -0.11161400377750397
        ],
        [
            -0.8322669267654419,
            -0.0454711951315403,
            -0.5525071024894714
        ]
    ],
    "pixel_aspect_ratio": 1.0,
    "position": [
        0.4992840886116028,
        0.02270880900323391,
        -0.21359212696552277
    ],
    "principal_point": [
        358.8895263671875,
        484.92236328125
    ],
    "radial_distortion": [
        0.0,
        0.0,
        0.0
    ],
    "skew": 0.0,
    "tangential_distortion": [
        0.0,
        0.0
    ]
}