{
    "focal_length": 719.9471435546875,
    "image_size": [
        720,
        960
    ],
    "orientation": [
        [
            0.8910436630249023,
            0.043516743928194046,
            -0.451826810836792
        ],
        [
            0.0805988684296608,
            -0.9947446584701538,
            0.0631415843963623
        ],
        [
            -0.44670459628105164,
            -0.09267863631248474,
            -0.8898683786392212
        ]
    ],
    "pixel_aspect_ratio": 1.0,
    "position": [
        0.35966116189956665,
        -0.002393810311332345,
        -0.10060067474842072
    ],
    "principal_point": [
        358.8895263671875,
        484.92236328125
    ],
    "radial_distortion": [
        0.0,
        0.0,
        0.0
    ],
    "skew": 0.0,
    "tangential_distortion": [
        0.0,
        0.0
    ]
}