{
    "focal_length": 719.9471435546875,
    "image_size": [
        720,
        960
    ],
    "orientation": [
        [
            0.9123828411102295,
            0.029307568445801735,
            -0.4082874059677124
        ],
        [
            0.0627400204539299,
            -0.9956603646278381,
            0.06873230636119843
        ],
        [
            -0.40450119972229004,
            -0.08832614123821259,
            -0.9102622270584106
        ]
    ],
    "pixel_aspect_ratio": 1.0,
    "position": [
        0.33947187662124634,
        -0.004448970314115286,
        -0.08842895179986954
    ],
    "principal_point": [
        358.8895263671875,
        484.92236328125
    ],
    "radial_distortion": [
        0.0,
        0.0,
        0.0
    ],
    "skew": 0.0,
    "tangential_distortion": [
        0.0,
        0.0
    ]
}