{
    "focal_length": 719.9471435546875,
    "image_size": [
        720,
        960
    ],
    "orientation": [
        [
            0.7084041833877563,
            0.15719521045684814,
            -0.6880793571472168
        ],
        [
            0.1664220094680786,
            -0.984596848487854,
            -0.053598254919052124
        ],
        [
            -0.6859061121940613,
            -0.07654231786727905,
            -0.723653256893158
        ]
    ],
    "pixel_aspect_ratio": 1.0,
    "position": [
        0.5069038271903992,
        0.028586823493242264,
        -0.21222315728664398
    ],
    "principal_point": [
        358.8895263671875,
        484.92236328125
    ],
    "radial_distortion": [
        0.0,
        0.0,
        0.0
    ],
    "skew": 0.0,
    "tangential_distortion": [
        0.0,
        0.0
    ]
}