{
    "focal_length": 719.9471435546875,
    "image_size": [
        720,
        960
    ],
    "orientation": [
        [
            0.9621067643165588,
            -0.00699256919324398,
            -0.27258333563804626
        ],
        [
            0.027404528111219406,
            -0.9921298027038574,
            0.12217774987220764
        ],
        [
            -0.27129238843917847,
            -0.12501806020736694,
            -0.9543431997299194
        ]
    ],
    "pixel_aspect_ratio": 1.0,
    "position": [
        0.26552700996398926,
        -0.011025173589587212,
        -0.050455693155527115
    ],
    "principal_point": [
        358.8895263671875,
        484.92236328125
    ],
    "radial_distortion": [
        0.0,
        0.0,
        0.0
    ],
    "skew": 0.0,
    "tangential_distortion": [
        0.0,
        0.0
    ]
}