{
    "focal_length": 719.9471435546875,
    "image_size": [
        720,
        960
    ],
    "orientation": [
        [
            0.9967758655548096,
            0.03058665059506893,
            0.07417788356542587
        ],
        [
            0.03471336141228676,
            -0.9978829026222229,
            -0.05499676242470741
        ],
        [
            0.07233867794275284,
            0.05739440768957138,
            -0.9957273602485657
        ]
    ],
    "pixel_aspect_ratio": 1.0,
    "position": [
        -0.004408151842653751,
        -0.0003149487602058798,
        0.012398178689181805
    ],
    "principal_point": [
        358.8895263671875,
        484.92236328125
    ],
    "radial_distortion": [
        0.0,
        0.0,
        0.0
    ],
    "skew": 0.0,
    "tangential_distortion": [
        0.0,
        0.0
    ]
}