{
    "focal_length": 719.9471435546875,
    "image_size": [
        720,
        960
    ],
    "orientation": [
        [
            0.8665866851806641,
            0.08849344402551651,
            -0.49111753702163696
        ],
        [
            0.12755146622657776,
            -0.9907390475273132,
            0.04654790461063385
        ],
        [
            -0.4824501574039459,
            -0.10298055410385132,
            -0.8698487877845764
        ]
    ],
    "pixel_aspect_ratio": 1.0,
    "position": [
        0.3759981095790863,
        0.0024154249113053083,
        -0.1172824278473854
    ],
    "principal_point": [
        358.8895263671875,
        484.92236328125
    ],
    "radial_distortion": [
        0.0,
        0.0,
        0.0
    ],
    "skew": 0.0,
    "tangential_distortion": [
        0.0,
        0.0
    ]
}