{
    "focal_length": 719.9471435546875,
    "image_size": [
        720,
        960
    ],
    "orientation": [
        [
            0.9908839464187622,
            0.1313236504793167,
            -0.030050748959183693
        ],
        [
            0.1303343027830124,
            -0.9909270405769348,
            -0.03281079977750778
        ],
        [
            -0.034086935222148895,
            0.028595050796866417,
            -0.9990097284317017
        ]
    ],
    "pixel_aspect_ratio": 1.0,
    "position": [
        0.050974540412425995,
        0.014094806276261806,
        -0.027931300923228264
    ],
    "principal_point": [
        358.8895263671875,
        484.92236328125
    ],
    "radial_distortion": [
        0.0,
        0.0,
        0.0
    ],
    "skew": 0.0,
    "tangential_distortion": [
        0.0,
        0.0
    ]
}