{
    "focal_length": 719.9471435546875,
    "image_size": [
        720,
        960
    ],
    "orientation": [
        [
            0.8907261490821838,
            0.06892658025026321,
            -0.44928398728370667
        ],
        [
            0.12779700756072998,
            -0.9865399599075317,
            0.10201410949230194
        ],
        [
            -0.436205118894577,
            -0.14828377962112427,
            -0.8875455260276794
        ]
    ],
    "pixel_aspect_ratio": 1.0,
    "position": [
        0.3055080473423004,
        0.013678343035280704,
        -0.05177735909819603
    ],
    "principal_point": [
        358.8895263671875,
        484.92236328125
    ],
    "radial_distortion": [
        0.0,
        0.0,
        0.0
    ],
    "skew": 0.0,
    "tangential_distortion": [
        0.0,
        0.0
    ]
}