{
    "focal_length": 719.9471435546875,
    "image_size": [
        720,
        960
    ],
    "orientation": [
        [
            0.7283712029457092,
            0.16342227160930634,
            -0.6654085516929626
        ],
        [
            0.17420725524425507,
            -0.9833963513374329,
            -0.05082790181040764
        ],
        [
            -0.6626667380332947,
            -0.07889740914106369,
            -0.7447469234466553
        ]
    ],
    "pixel_aspect_ratio": 1.0,
    "position": [
        0.49892935156822205,
        0.025391848757863045,
        -0.2063015252351761
    ],
    "principal_point": [
        358.8895263671875,
        484.92236328125
    ],
    "radial_distortion": [
        0.0,
        0.0,
        0.0
    ],
    "skew": 0.0,
    "tangential_distortion": [
        0.0,
        0.0
    ]
}