{
    "focal_length": 719.9471435546875,
    "image_size": [
        720,
        960
    ],
    "orientation": [
        [
            0.5425494909286499,
            0.16879402101039886,
            -0.8228904008865356
        ],
        [
            0.1393136829137802,
            -0.9841182827949524,
            -0.11001308262348175
        ],
        [
            -0.8283910751342773,
            -0.05495235323905945,
            -0.557448148727417
        ]
    ],
    "pixel_aspect_ratio": 1.0,
    "position": [
        0.5001334547996521,
        0.023377355188131332,
        -0.21657179296016693
    ],
    "principal_point": [
        358.8895263671875,
        484.92236328125
    ],
    "radial_distortion": [
        0.0,
        0.0,
        0.0
    ],
    "skew": 0.0,
    "tangential_distortion": [
        0.0,
        0.0
    ]
}