{
    "focal_length": 719.9471435546875,
    "image_size": [
        720,
        960
    ],
    "orientation": [
        [
            0.8286586403846741,
            0.0971851721405983,
            -0.5512530207633972
        ],
        [
            0.12820430099964142,
            -0.9915861487388611,
            0.017904918640851974
        ],
        [
            -0.5448747277259827,
            -0.08551007509231567,
            -0.8341460227966309
        ]
    ],
    "pixel_aspect_ratio": 1.0,
    "position": [
        0.35858070850372314,
        0.02761460840702057,
        -0.11492229253053665
    ],
    "principal_point": [
        358.8895263671875,
        484.92236328125
    ],
    "radial_distortion": [
        0.0,
        0.0,
        0.0
    ],
    "skew": 0.0,
    "tangential_distortion": [
        0.0,
        0.0
    ]
}