{
    "focal_length": 719.9471435546875,
    "image_size": [
        720,
        960
    ],
    "orientation": [
        [
            0.9070048928260803,
            0.030002787709236145,
            -0.4200499653816223
        ],
        [
            0.0629379004240036,
            -0.9959137439727783,
            0.06476561725139618
        ],
        [
            -0.41639038920402527,
            -0.08517979830503464,
            -0.9051869511604309
        ]
    ],
    "pixel_aspect_ratio": 1.0,
    "position": [
        0.34333521127700806,
        -0.004247778560966253,
        -0.09019726514816284
    ],
    "principal_point": [
        358.8895263671875,
        484.92236328125
    ],
    "radial_distortion": [
        0.0,
        0.0,
        0.0
    ],
    "skew": 0.0,
    "tangential_distortion": [
        0.0,
        0.0
    ]
}