{
    "focal_length": 719.9471435546875,
    "image_size": [
        720,
        960
    ],
    "orientation": [
        [
            0.7728650569915771,
            0.14025342464447021,
            -0.6188768744468689
        ],
        [
            0.1627117395401001,
            -0.9864635467529297,
            -0.020360557362437248
        ],
        [
            -0.6133551597595215,
            -0.08496256917715073,
            -0.7852240800857544
        ]
    ],
    "pixel_aspect_ratio": 1.0,
    "position": [
        0.47887134552001953,
        0.021150927990674973,
        -0.1931907683610916
    ],
    "principal_point": [
        358.8895263671875,
        484.92236328125
    ],
    "radial_distortion": [
        0.0,
        0.0,
        0.0
    ],
    "skew": 0.0,
    "tangential_distortion": [
        0.0,
        0.0
    ]
}