{
    "focal_length": 719.9471435546875,
    "image_size": [
        720,
        960
    ],
    "orientation": [
        [
            0.9984549283981323,
            0.014954552054405212,
            0.05351727455854416
        ],
        [
            0.015498826280236244,
            -0.9998321533203125,
            -0.009769521653652191
        ],
        [
            0.05336219444870949,
            0.010583882220089436,
            -0.9985191226005554
        ]
    ],
    "pixel_aspect_ratio": 1.0,
    "position": [
        0.012076727114617825,
        0.008712316863238811,
        -0.004987186752259731
    ],
    "principal_point": [
        358.8895263671875,
        484.92236328125
    ],
    "radial_distortion": [
        0.0,
        0.0,
        0.0
    ],
    "skew": 0.0,
    "tangential_distortion": [
        0.0,
        0.0
    ]
}