{
    "focal_length": 719.9471435546875,
    "image_size": [
        720,
        960
    ],
    "orientation": [
        [
            0.6931841373443604,
            0.16552342474460602,
            -0.7014967799186707
        ],
        [
            0.17787350714206696,
            -0.9824556708335876,
            -0.05605205148458481
        ],
        [
            -0.6984674334526062,
            -0.08592329919338226,
            -0.7104649543762207
        ]
    ],
    "pixel_aspect_ratio": 1.0,
    "position": [
        0.5281025767326355,
        0.03554637357592583,
        -0.2373638153076172
    ],
    "principal_point": [
        358.8895263671875,
        484.92236328125
    ],
    "radial_distortion": [
        0.0,
        0.0,
        0.0
    ],
    "skew": 0.0,
    "tangential_distortion": [
        0.0,
        0.0
    ]
}