{
    "focal_length": 719.9471435546875,
    "image_size": [
        720,
        960
    ],
    "orientation": [
        [
            0.8516352772712708,
            0.11407659947872162,
            -0.5115700960159302
        ],
        [
            0.1564968228340149,
            -0.9868491291999817,
            0.04046722874045372
        ],
        [
            -0.5002260804176331,
            -0.11452241241931915,
            -0.8582881093025208
        ]
    ],
    "pixel_aspect_ratio": 1.0,
    "position": [
        0.41090095043182373,
        0.0023224835749715567,
        -0.14273126423358917
    ],
    "principal_point": [
        358.8895263671875,
        484.92236328125
    ],
    "radial_distortion": [
        0.0,
        0.0,
        0.0
    ],
    "skew": 0.0,
    "tangential_distortion": [
        0.0,
        0.0
    ]
}