{
    "focal_length": 719.9471435546875,
    "image_size": [
        720,
        960
    ],
    "orientation": [
        [
            0.9999065399169922,
            0.008684624917805195,
            0.010560480877757072
        ],
        [
            0.008541999384760857,
            -0.9998726844787598,
            0.013476572930812836
        ],
        [
            0.010676175355911255,
            -0.0133851058781147,
            -0.9998534321784973
        ]
    ],
    "pixel_aspect_ratio": 1.0,
    "position": [
        -9.063712786883116e-05,
        4.8395108024124056e-05,
        0.0003361382696311921
    ],
    "principal_point": [
        358.8895263671875,
        484.92236328125
    ],
    "radial_distortion": [
        0.0,
        0.0,
        0.0
    ],
    "skew": 0.0,
    "tangential_distortion": [
        0.0,
        0.0
    ]
}