{
    "focal_length": 719.9471435546875,
    "image_size": [
        720,
        960
    ],
    "orientation": [
        [
            0.8922274708747864,
            0.06851275265216827,
            -0.44635871052742004
        ],
        [
            0.12470296025276184,
            -0.9873707294464111,
            0.09771496802568436
        ],
        [
            -0.4340268075466156,
            -0.1428462266921997,
            -0.8895030617713928
        ]
    ],
    "pixel_aspect_ratio": 1.0,
    "position": [
        0.30774086713790894,
        0.013854815624654293,
        -0.05521908774971962
    ],
    "principal_point": [
        358.8895263671875,
        484.92236328125
    ],
    "radial_distortion": [
        0.0,
        0.0,
        0.0
    ],
    "skew": 0.0,
    "tangential_distortion": [
        0.0,
        0.0
    ]
}