{
    "focal_length": 719.9471435546875,
    "image_size": [
        720,
        960
    ],
    "orientation": [
        [
            0.8738933205604553,
            0.04488183930516243,
            -0.4840414226055145
        ],
        [
            0.12469229847192764,
            -0.9831101298332214,
            0.1339636892080307
        ],
        [
            -0.4698534905910492,
            -0.17742620408535004,
            -0.8647298216819763
        ]
    ],
    "pixel_aspect_ratio": 1.0,
    "position": [
        0.3158379793167114,
        0.01147556770592928,
        -0.07709598541259766
    ],
    "principal_point": [
        358.8895263671875,
        484.92236328125
    ],
    "radial_distortion": [
        0.0,
        0.0,
        0.0
    ],
    "skew": 0.0,
    "tangential_distortion": [
        0.0,
        0.0
    ]
}