{
    "focal_length": 719.9471435546875,
    "image_size": [
        720,
        960
    ],
    "orientation": [
        [
            0.9951746463775635,
            0.09801177680492401,
            0.004592312965542078
        ],
        [
            0.09807609021663666,
            -0.9922573566436768,
            -0.07619993388652802
        ],
        [
            -0.0029117341618984938,
            0.07628263533115387,
            -0.997081995010376
        ]
    ],
    "pixel_aspect_ratio": 1.0,
    "position": [
        0.039637722074985504,
        0.015457700937986374,
        -0.01801925338804722
    ],
    "principal_point": [
        358.8895263671875,
        484.92236328125
    ],
    "radial_distortion": [
        0.0,
        0.0,
        0.0
    ],
    "skew": 0.0,
    "tangential_distortion": [
        0.0,
        0.0
    ]
}