{
    "focal_length": 719.9471435546875,
    "image_size": [
        720,
        960
    ],
    "orientation": [
        [
            0.996558666229248,
            0.04636216536164284,
            0.068712517619133
        ],
        [
            0.04764975234866142,
            -0.9987156987190247,
            -0.01721883937716484
        ],
        [
            0.06782596558332443,
            0.020433716475963593,
            -0.9974879026412964
        ]
    ],
    "pixel_aspect_ratio": 1.0,
    "position": [
        -0.006705134175717831,
        0.0011143480660393834,
        0.010066614486277103
    ],
    "principal_point": [
        358.8895263671875,
        484.92236328125
    ],
    "radial_distortion": [
        0.0,
        0.0,
        0.0
    ],
    "skew": 0.0,
    "tangential_distortion": [
        0.0,
        0.0
    ]
}