{
    "focal_length": 719.9471435546875,
    "image_size": [
        720,
        960
    ],
    "orientation": [
        [
            0.8480398058891296,
            0.10683367401361465,
            -0.5190520882606506
        ],
        [
            0.14746057987213135,
            -0.98835688829422,
            0.03749650716781616
        ],
        [
            -0.5090028047561646,
            -0.10833825916051865,
            -0.8539197444915771
        ]
    ],
    "pixel_aspect_ratio": 1.0,
    "position": [
        0.3942054808139801,
        0.0030441523995250463,
        -0.13272307813167572
    ],
    "principal_point": [
        358.8895263671875,
        484.92236328125
    ],
    "radial_distortion": [
        0.0,
        0.0,
        0.0
    ],
    "skew": 0.0,
    "tangential_distortion": [
        0.0,
        0.0
    ]
}