{
    "focal_length": 719.9471435546875,
    "image_size": [
        720,
        960
    ],
    "orientation": [
        [
            0.9935200810432434,
            0.10400879383087158,
            -0.04582647979259491
        ],
        [
            0.10360130667686462,
            -0.9945560097694397,
            -0.011185470968484879
        ],
        [
            -0.04674038663506508,
            0.0063653066754341125,
            -0.99888676404953
        ]
    ],
    "pixel_aspect_ratio": 1.0,
    "position": [
        0.11334299296140671,
        0.015974046662449837,
        -0.04692068323493004
    ],
    "principal_point": [
        358.8895263671875,
        484.92236328125
    ],
    "radial_distortion": [
        0.0,
        0.0,
        0.0
    ],
    "skew": 0.0,
    "tangential_distortion": [
        0.0,
        0.0
    ]
}