{
    "focal_length": 719.9471435546875,
    "image_size": [
        720,
        960
    ],
    "orientation": [
        [
            0.8422572612762451,
            0.06735600531101227,
            -0.5348512530326843
        ],
        [
            0.1045210212469101,
            -0.9937399625778198,
            0.03944879025220871
        ],
        [
            -0.5288459658622742,
            -0.08912923187017441,
            -0.8440248370170593
        ]
    ],
    "pixel_aspect_ratio": 1.0,
    "position": [
        0.34895822405815125,
        0.022139297798275948,
        -0.10758210718631744
    ],
    "principal_point": [
        358.8895263671875,
        484.92236328125
    ],
    "radial_distortion": [
        0.0,
        0.0,
        0.0
    ],
    "skew": 0.0,
    "tangential_distortion": [
        0.0,
        0.0
    ]
}