{
    "focal_length": 719.9471435546875,
    "image_size": [
        720,
        960
    ],
    "orientation": [
        [
            0.8054505586624146,
            0.1268649846315384,
            -0.5789254307746887
        ],
        [
            0.15244872868061066,
            -0.9883012771606445,
            -0.004475363530218601
        ],
        [
            -0.572720468044281,
            -0.08465176075696945,
            -0.8153682351112366
        ]
    ],
    "pixel_aspect_ratio": 1.0,
    "position": [
        0.4545760750770569,
        0.01622840017080307,
        -0.17310084402561188
    ],
    "principal_point": [
        358.8895263671875,
        484.92236328125
    ],
    "radial_distortion": [
        0.0,
        0.0,
        0.0
    ],
    "skew": 0.0,
    "tangential_distortion": [
        0.0,
        0.0
    ]
}