{
    "focal_length": 719.9471435546875,
    "image_size": [
        720,
        960
    ],
    "orientation": [
        [
            0.991398811340332,
            0.1287086457014084,
            -0.023717505857348442
        ],
        [
            0.1279585361480713,
            -0.9913005232810974,
            -0.0308210551738739
        ],
        [
            -0.027478111907839775,
            0.027521099895238876,
            -0.9992434978485107
        ]
    ],
    "pixel_aspect_ratio": 1.0,
    "position": [
        0.05810712277889252,
        0.012188101187348366,
        -0.03126278892159462
    ],
    "principal_point": [
        358.8895263671875,
        484.92236328125
    ],
    "radial_distortion": [
        0.0,
        0.0,
        0.0
    ],
    "skew": 0.0,
    "tangential_distortion": [
        0.0,
        0.0
    ]
}