{
    "focal_length": 719.9471435546875,
    "image_size": [
        720,
        960
    ],
    "orientation": [
        [
            0.7142531275749207,
            0.15704597532749176,
            -0.6820403337478638
        ],
        [
            0.17087090015411377,
            -0.9841398000717163,
            -0.04766596481204033
        ],
        [
            -0.6787087321281433,
            -0.08249527961015701,
            -0.7297595143318176
        ]
    ],
    "pixel_aspect_ratio": 1.0,
    "position": [
        0.5130511522293091,
        0.031161613762378693,
        -0.21759121119976044
    ],
    "principal_point": [
        358.8895263671875,
        484.92236328125
    ],
    "radial_distortion": [
        0.0,
        0.0,
        0.0
    ],
    "skew": 0.0,
    "tangential_distortion": [
        0.0,
        0.0
    ]
}