{
    "focal_length": 719.9471435546875,
    "image_size": [
        720,
        960
    ],
    "orientation": [
        [
            0.9801552295684814,
            0.09926848858594894,
            -0.1715853065252304
        ],
        [
            0.11048593372106552,
            -0.9922367334365845,
            0.05708834156394005
        ],
        [
            -0.1645861715078354,
            -0.07491319626569748,
            -0.9835138320922852
        ]
    ],
    "pixel_aspect_ratio": 1.0,
    "position": [
        0.15977509319782257,
        0.01317471545189619,
        -0.0705074667930603
    ],
    "principal_point": [
        358.8895263671875,
        484.92236328125
    ],
    "radial_distortion": [
        0.0,
        0.0,
        0.0
    ],
    "skew": 0.0,
    "tangential_distortion": [
        0.0,
        0.0
    ]
}