{
    "focal_length": 719.9471435546875,
    "image_size": [
        720,
        960
    ],
    "orientation": [
        [
            0.874579906463623,
            0.07717116177082062,
            -0.4787009060382843
        ],
        [
            0.11059889197349548,
            -0.9929779171943665,
            0.041985105723142624
        ],
        [
            -0.4720993936061859,
            -0.08966311812400818,
            -0.876973569393158
        ]
    ],
    "pixel_aspect_ratio": 1.0,
    "position": [
        0.37176796793937683,
        0.0015848110197111964,
        -0.11101053655147552
    ],
    "principal_point": [
        358.8895263671875,
        484.92236328125
    ],
    "radial_distortion": [
        0.0,
        0.0,
        0.0
    ],
    "skew": 0.0,
    "tangential_distortion": [
        0.0,
        0.0
    ]
}