{
    "focal_length": 719.9471435546875,
    "image_size": [
        720,
        960
    ],
    "orientation": [
        [
            0.9911357760429382,
            0.12552690505981445,
            -0.04350772872567177
        ],
        [
            0.12361320108175278,
            -0.9913455843925476,
            -0.04420077055692673
        ],
        [
            -0.04867957904934883,
            0.0384308360517025,
            -0.9980748295783997
        ]
    ],
    "pixel_aspect_ratio": 1.0,
    "position": [
        0.08592432737350464,
        0.01275868620723486,
        -0.0360531285405159
    ],
    "principal_point": [
        358.8895263671875,
        484.92236328125
    ],
    "radial_distortion": [
        0.0,
        0.0,
        0.0
    ],
    "skew": 0.0,
    "tangential_distortion": [
        0.0,
        0.0
    ]
}