{
    "focal_length": 719.9471435546875,
    "image_size": [
        720,
        960
    ],
    "orientation": [
        [
            0.5893014669418335,
            0.1599096953868866,
            -0.7919297218322754
        ],
        [
            0.10461647808551788,
            -0.9870672821998596,
            -0.12146404385566711
        ],
        [
            -0.8011112213134766,
            -0.011269958689808846,
            -0.5984094142913818
        ]
    ],
    "pixel_aspect_ratio": 1.0,
    "position": [
        0.48912519216537476,
        0.026142830029129982,
        -0.19400151073932648
    ],
    "principal_point": [
        358.8895263671875,
        484.92236328125
    ],
    "radial_distortion": [
        0.0,
        0.0,
        0.0
    ],
    "skew": 0.0,
    "tangential_distortion": [
        0.0,
        0.0
    ]
}