{
    "focal_length": 719.9471435546875,
    "image_size": [
        720,
        960
    ],
    "orientation": [
        [
            0.9264981746673584,
            0.0624464750289917,
            -0.37108156085014343
        ],
        [
            0.09665920585393906,
            -0.9925398826599121,
            0.07430701702833176
        ],
        [
            -0.36367303133010864,
            -0.10471376031637192,
            -0.9256224632263184
        ]
    ],
    "pixel_aspect_ratio": 1.0,
    "position": [
        0.2514668107032776,
        0.008318359032273293,
        -0.04717958718538284
    ],
    "principal_point": [
        358.8895263671875,
        484.92236328125
    ],
    "radial_distortion": [
        0.0,
        0.0,
        0.0
    ],
    "skew": 0.0,
    "tangential_distortion": [
        0.0,
        0.0
    ]
}