{
    "focal_length": 719.9471435546875,
    "image_size": [
        720,
        960
    ],
    "orientation": [
        [
            0.8012592196464539,
            0.12752828001976013,
            -0.5845683217048645
        ],
        [
            0.15233038365840912,
            -0.9883061647415161,
            -0.006809908896684647
        ],
        [
            -0.5786009430885315,
            -0.08359101414680481,
            -0.8113158941268921
        ]
    ],
    "pixel_aspect_ratio": 1.0,
    "position": [
        0.45836472511291504,
        0.017214249819517136,
        -0.17601308226585388
    ],
    "principal_point": [
        358.8895263671875,
        484.92236328125
    ],
    "radial_distortion": [
        0.0,
        0.0,
        0.0
    ],
    "skew": 0.0,
    "tangential_distortion": [
        0.0,
        0.0
    ]
}