{
    "focal_length": 719.9471435546875,
    "image_size": [
        720,
        960
    ],
    "orientation": [
        [
            0.8094124794006348,
            0.12578092515468597,
            -0.573611855506897
        ],
        [
            0.15044140815734863,
            -0.988608717918396,
            -0.004496012814342976
        ],
        [
            -0.5676432251930237,
            -0.08265584707260132,
            -0.8191148638725281
        ]
    ],
    "pixel_aspect_ratio": 1.0,
    "position": [
        0.45108720660209656,
        0.015086522325873375,
        -0.17015235126018524
    ],
    "principal_point": [
        358.8895263671875,
        484.92236328125
    ],
    "radial_distortion": [
        0.0,
        0.0,
        0.0
    ],
    "skew": 0.0,
    "tangential_distortion": [
        0.0,
        0.0
    ]
}