{
    "focal_length": 719.9471435546875,
    "image_size": [
        720,
        960
    ],
    "orientation": [
        [
            0.8530142307281494,
            0.10702359676361084,
            -0.510796070098877
        ],
        [
            0.1482224464416504,
            -0.9881247282028198,
            0.040492091327905655
        ],
        [
            -0.5003966689109802,
            -0.1102517768740654,
            -0.8587477803230286
        ]
    ],
    "pixel_aspect_ratio": 1.0,
    "position": [
        0.3905714154243469,
        0.003011755645275116,
        -0.12991584837436676
    ],
    "principal_point": [
        358.8895263671875,
        484.92236328125
    ],
    "radial_distortion": [
        0.0,
        0.0,
        0.0
    ],
    "skew": 0.0,
    "tangential_distortion": [
        0.0,
        0.0
    ]
}