{
    "focal_length": 719.9471435546875,
    "image_size": [
        720,
        960
    ],
    "orientation": [
        [
            0.9243248105049133,
            0.021004006266593933,
            -0.3810282349586487
        ],
        [
            0.052697163075208664,
            -0.9959434866905212,
            0.07293551415205002
        ],
        [
            -0.37795063853263855,
            -0.08749520778656006,
            -0.9216821193695068
        ]
    ],
    "pixel_aspect_ratio": 1.0,
    "position": [
        0.3284686505794525,
        -0.00626085652038455,
        -0.08213692158460617
    ],
    "principal_point": [
        358.8895263671875,
        484.92236328125
    ],
    "radial_distortion": [
        0.0,
        0.0,
        0.0
    ],
    "skew": 0.0,
    "tangential_distortion": [
        0.0,
        0.0
    ]
}