{
    "focal_length": 719.9471435546875,
    "image_size": [
        720,
        960
    ],
    "orientation": [
        [
            0.6819791793823242,
            0.1518937051296234,
            -0.7154248356819153
        ],
        [
            0.1515609622001648,
            -0.9863129258155823,
            -0.06493107974529266
        ],
        [
            -0.7154954075813293,
            -0.06414884328842163,
            -0.6956660151481628
        ]
    ],
    "pixel_aspect_ratio": 1.0,
    "position": [
        0.5344797968864441,
        0.035459261387586594,
        -0.23717254400253296
    ],
    "principal_point": [
        358.8895263671875,
        484.92236328125
    ],
    "radial_distortion": [
        0.0,
        0.0,
        0.0
    ],
    "skew": 0.0,
    "tangential_distortion": [
        0.0,
        0.0
    ]
}