{
    "focal_length": 719.9471435546875,
    "image_size": [
        720,
        960
    ],
    "orientation": [
        [
            0.6899759769439697,
            0.16575279831886292,
            -0.704598605632782
        ],
        [
            0.1641419678926468,
            -0.9838983416557312,
            -0.07072097063064575
        ],
        [
            -0.7049756050109863,
            -0.06685842573642731,
            -0.7060732245445251
        ]
    ],
    "pixel_aspect_ratio": 1.0,
    "position": [
        0.5304505825042725,
        0.03547396883368492,
        -0.23573628067970276
    ],
    "principal_point": [
        358.8895263671875,
        484.92236328125
    ],
    "radial_distortion": [
        0.0,
        0.0,
        0.0
    ],
    "skew": 0.0,
    "tangential_distortion": [
        0.0,
        0.0
    ]
}