{
    "focal_length": 719.9471435546875,
    "image_size": [
        720,
        960
    ],
    "orientation": [
        [
            0.8286741971969604,
            0.10205275565385818,
            -0.5503492951393127
        ],
        [
            0.13712254166603088,
            -0.9902908205986023,
            0.02283642068505287
        ],
        [
            -0.5426753163337708,
            -0.09438924491405487,
            -0.8346222043037415
        ]
    ],
    "pixel_aspect_ratio": 1.0,
    "position": [
        0.3615114092826843,
        0.028143834322690964,
        -0.1173938512802124
    ],
    "principal_point": [
        358.8895263671875,
        484.92236328125
    ],
    "radial_distortion": [
        0.0,
        0.0,
        0.0
    ],
    "skew": 0.0,
    "tangential_distortion": [
        0.0,
        0.0
    ]
}