{
    "focal_length": 719.9471435546875,
    "image_size": [
        720,
        960
    ],
    "orientation": [
        [
            0.7990533113479614,
            0.12788541615009308,
            -0.5875024199485779
        ],
        [
            0.15099260210990906,
            -0.9884862303733826,
            -0.009807338938117027
        ],
        [
            -0.5819923281669617,
            -0.08087193220853806,
            -0.809162974357605
        ]
    ],
    "pixel_aspect_ratio": 1.0,
    "position": [
        0.4624137878417969,
        0.01817740872502327,
        -0.1792418509721756
    ],
    "principal_point": [
        358.8895263671875,
        484.92236328125
    ],
    "radial_distortion": [
        0.0,
        0.0,
        0.0
    ],
    "skew": 0.0,
    "tangential_distortion": [
        0.0,
        0.0
    ]
}