{
    "focal_length": 719.9471435546875,
    "image_size": [
        720,
        960
    ],
    "orientation": [
        [
            0.6400476098060608,
            0.17051319777965546,
            -0.7491757273674011
        ],
        [
            0.16848227381706238,
            -0.9824795126914978,
            -0.07967294007539749
        ],
        [
            -0.7496351003646851,
            -0.07522835582494736,
            -0.6575621366500854
        ]
    ],
    "pixel_aspect_ratio": 1.0,
    "position": [
        0.5278114676475525,
        0.0325341634452343,
        -0.23940832912921906
    ],
    "principal_point": [
        358.8895263671875,
        484.92236328125
    ],
    "radial_distortion": [
        0.0,
        0.0,
        0.0
    ],
    "skew": 0.0,
    "tangential_distortion": [
        0.0,
        0.0
    ]
}