{
    "focal_length": 719.9471435546875,
    "image_size": [
        720,
        960
    ],
    "orientation": [
        [
            0.9378986358642578,
            0.09096918255090714,
            -0.33476972579956055
        ],
        [
            0.10731596499681473,
            -0.9937533736228943,
            0.030619753524661064
        ],
        [
            -0.3298930823802948,
            -0.06464435905218124,
            -0.9418023228645325
        ]
    ],
    "pixel_aspect_ratio": 1.0,
    "position": [
        0.21829721331596375,
        0.005476796999573708,
        -0.0538506954908371
    ],
    "principal_point": [
        358.8895263671875,
        484.92236328125
    ],
    "radial_distortion": [
        0.0,
        0.0,
        0.0
    ],
    "skew": 0.0,
    "tangential_distortion": [
        0.0,
        0.0
    ]
}