{
    "focal_length": 719.9471435546875,
    "image_size": [
        720,
        960
    ],
    "orientation": [
        [
            0.9304763078689575,
            0.08258117735385895,
            -0.3569232225418091
        ],
        [
            0.10701985657215118,
            -0.9930370450019836,
            0.049235422164201736
        ],
        [
            -0.3503720760345459,
            -0.08401026576757431,
            -0.9328352808952332
        ]
    ],
    "pixel_aspect_ratio": 1.0,
    "position": [
        0.23350512981414795,
        0.005882045719772577,
        -0.05046158656477928
    ],
    "principal_point": [
        358.8895263671875,
        484.92236328125
    ],
    "radial_distortion": [
        0.0,
        0.0,
        0.0
    ],
    "skew": 0.0,
    "tangential_distortion": [
        0.0,
        0.0
    ]
}