{
    "focal_length": 719.9471435546875,
    "image_size": [
        720,
        960
    ],
    "orientation": [
        [
            0.6863282918930054,
            0.17684383690357208,
            -0.705464243888855
        ],
        [
            0.18585093319416046,
            -0.9804282188415527,
            -0.06496139615774155
        ],
        [
            -0.7031450271606445,
            -0.08652634173631668,
            -0.7057622075080872
        ]
    ],
    "pixel_aspect_ratio": 1.0,
    "position": [
        0.43911609053611755,
        0.022532254457473755,
        -0.1671195775270462
    ],
    "principal_point": [
        358.8895263671875,
        484.92236328125
    ],
    "radial_distortion": [
        0.0,
        0.0,
        0.0
    ],
    "skew": 0.0,
    "tangential_distortion": [
        0.0,
        0.0
    ]
}