{
    "focal_length": 719.9471435546875,
    "image_size": [
        720,
        960
    ],
    "orientation": [
        [
            0.6085667610168457,
            0.17661581933498383,
            -0.7735976576805115
        ],
        [
            0.1669987142086029,
            -0.9815869927406311,
            -0.0927276760339737
        ],
        [
            -0.775730550289154,
            -0.07275883108377457,
            -0.6268558502197266
        ]
    ],
    "pixel_aspect_ratio": 1.0,
    "position": [
        0.5117120742797852,
        0.028613073751330376,
        -0.2284965068101883
    ],
    "principal_point": [
        358.8895263671875,
        484.92236328125
    ],
    "radial_distortion": [
        0.0,
        0.0,
        0.0
    ],
    "skew": 0.0,
    "tangential_distortion": [
        0.0,
        0.0
    ]
}