{
    "focal_length": 719.9471435546875,
    "image_size": [
        720,
        960
    ],
    "orientation": [
        [
            0.8988727331161499,
            0.03444771096110344,
            -0.43685370683670044
        ],
        [
            0.07390221953392029,
            -0.9945430755615234,
            0.07363783568143845
        ],
        [
            -0.4319331645965576,
            -0.09847550094127655,
            -0.8965134024620056
        ]
    ],
    "pixel_aspect_ratio": 1.0,
    "position": [
        0.35833561420440674,
        -0.003206814406439662,
        -0.09946036338806152
    ],
    "principal_point": [
        358.8895263671875,
        484.92236328125
    ],
    "radial_distortion": [
        0.0,
        0.0,
        0.0
    ],
    "skew": 0.0,
    "tangential_distortion": [
        0.0,
        0.0
    ]
}