{
    "focal_length": 719.9471435546875,
    "image_size": [
        720,
        960
    ],
    "orientation": [
        [
            0.8287912011146545,
            0.11479439586400986,
            -0.5476562976837158
        ],
        [
            0.14276425540447235,
            -0.9897193908691406,
            0.008595747873187065
        ],
        [
            -0.5410393476486206,
            -0.08530982583761215,
            -0.8366592526435852
        ]
    ],
    "pixel_aspect_ratio": 1.0,
    "position": [
        0.43927204608917236,
        0.008325894363224506,
        -0.1588873714208603
    ],
    "principal_point": [
        358.8895263671875,
        484.92236328125
    ],
    "radial_distortion": [
        0.0,
        0.0,
        0.0
    ],
    "skew": 0.0,
    "tangential_distortion": [
        0.0,
        0.0
    ]
}