{
    "focal_length": 719.9471435546875,
    "image_size": [
        720,
        960
    ],
    "orientation": [
        [
            0.6468296051025391,
            0.17041920125484467,
            -0.7433496713638306
        ],
        [
            0.1681440770626068,
            -0.9825952053070068,
            -0.07895682007074356
        ],
        [
            -0.7438675761222839,
            -0.07391823828220367,
            -0.6642267107963562
        ]
    ],
    "pixel_aspect_ratio": 1.0,
    "position": [
        0.5288404226303101,
        0.03317045420408249,
        -0.2402915358543396
    ],
    "principal_point": [
        358.8895263671875,
        484.92236328125
    ],
    "radial_distortion": [
        0.0,
        0.0,
        0.0
    ],
    "skew": 0.0,
    "tangential_distortion": [
        0.0,
        0.0
    ]
}