{
    "focal_length": 719.9471435546875,
    "image_size": [
        720,
        960
    ],
    "orientation": [
        [
            0.9707270860671997,
            -0.025186333805322647,
            -0.23886090517044067
        ],
        [
            -0.005238216370344162,
            -0.9964702129364014,
            0.08378329128026962
        ],
        [
            -0.24012798070907593,
            -0.08007950335741043,
            -0.9674326181411743
        ]
    ],
    "pixel_aspect_ratio": 1.0,
    "position": [
        0.24538536369800568,
        -0.014782805927097797,
        -0.042776137590408325
    ],
    "principal_point": [
        358.8895263671875,
        484.92236328125
    ],
    "radial_distortion": [
        0.0,
        0.0,
        0.0
    ],
    "skew": 0.0,
    "tangential_distortion": [
        0.0,
        0.0
    ]
}