{
    "focal_length": 719.9471435546875,
    "image_size": [
        720,
        960
    ],
    "orientation": [
        [
            0.8872092366218567,
            0.05025904253125191,
            -0.4586215913295746
        ],
        [
            0.0838756263256073,
            -0.9950543642044067,
            0.05321325734257698
        ],
        [
            -0.45367899537086487,
            -0.08567846566438675,
            -0.8870369791984558
        ]
    ],
    "pixel_aspect_ratio": 1.0,
    "position": [
        0.3613669276237488,
        -0.0016762297600507736,
        -0.1013624519109726
    ],
    "principal_point": [
        358.8895263671875,
        484.92236328125
    ],
    "radial_distortion": [
        0.0,
        0.0,
        0.0
    ],
    "skew": 0.0,
    "tangential_distortion": [
        0.0,
        0.0
    ]
}