{
    "focal_length": 719.9471435546875,
    "image_size": [
        720,
        960
    ],
    "orientation": [
        [
            0.991719126701355,
            0.12133518606424332,
            -0.0420825369656086
        ],
        [
            0.11954080313444138,
            -0.9919053316116333,
            -0.042823273688554764
        ],
        [
            -0.046937864273786545,
            0.037438079714775085,
            -0.998196005821228
        ]
    ],
    "pixel_aspect_ratio": 1.0,
    "position": [
        0.09118863940238953,
        0.013329927809536457,
        -0.03757527470588684
    ],
    "principal_point": [
        358.8895263671875,
        484.92236328125
    ],
    "radial_distortion": [
        0.0,
        0.0,
        0.0
    ],
    "skew": 0.0,
    "tangential_distortion": [
        0.0,
        0.0
    ]
}