{
    "focal_length": 719.9471435546875,
    "image_size": [
        720,
        960
    ],
    "orientation": [
        [
            0.943703830242157,
            0.09927085041999817,
            -0.3155445456504822
        ],
        [
            0.11836915463209152,
            -0.9920853972434998,
            0.041896674782037735
        ],
        [
            -0.3088880181312561,
            -0.0768887922167778,
            -0.9479854106903076
        ]
    ],
    "pixel_aspect_ratio": 1.0,
    "position": [
        0.19780376553535461,
        0.007106727920472622,
        -0.06079062819480896
    ],
    "principal_point": [
        358.8895263671875,
        484.92236328125
    ],
    "radial_distortion": [
        0.0,
        0.0,
        0.0
    ],
    "skew": 0.0,
    "tangential_distortion": [
        0.0,
        0.0
    ]
}