{
    "focal_length": 719.9471435546875,
    "image_size": [
        720,
        960
    ],
    "orientation": [
        [
            0.9989388585090637,
            0.020543815568089485,
            0.04122048243880272
        ],
        [
            0.01983623206615448,
            -0.9996500611305237,
            0.017502037808299065
        ],
        [
            0.04156561568379402,
            -0.016665806993842125,
            -0.9989967942237854
        ]
    ],
    "pixel_aspect_ratio": 1.0,
    "position": [
        0.014702297747135162,
        0.01038682833313942,
        -0.009659485891461372
    ],
    "principal_point": [
        358.8895263671875,
        484.92236328125
    ],
    "radial_distortion": [
        0.0,
        0.0,
        0.0
    ],
    "skew": 0.0,
    "tangential_distortion": [
        0.0,
        0.0
    ]
}