{
    "focal_length": 719.9471435546875,
    "image_size": [
        720,
        960
    ],
    "orientation": [
        [
            0.6943291425704956,
            0.16507571935653687,
            -0.7004691958427429
        ],
        [
            0.19229872524738312,
            -0.9805021286010742,
            -0.04045645892620087
        ],
        [
            -0.6934899091720581,
            -0.10660923272371292,
            -0.71253502368927
        ]
    ],
    "pixel_aspect_ratio": 1.0,
    "position": [
        0.5235046744346619,
        0.03588090091943741,
        -0.23871703445911407
    ],
    "principal_point": [
        358.8895263671875,
        484.92236328125
    ],
    "radial_distortion": [
        0.0,
        0.0,
        0.0
    ],
    "skew": 0.0,
    "tangential_distortion": [
        0.0,
        0.0
    ]
}