{
    "focal_length": 719.9471435546875,
    "image_size": [
        720,
        960
    ],
    "orientation": [
        [
            0.6190203428268433,
            0.1727597862482071,
            -0.7661382555961609
        ],
        [
            0.1651582419872284,
            -0.9823274612426758,
            -0.08806551247835159
        ],
        [
            -0.7678128480911255,
            -0.07201970368623734,
            -0.6366134285926819
        ]
    ],
    "pixel_aspect_ratio": 1.0,
    "position": [
        0.5173370838165283,
        0.030281705781817436,
        -0.23222698271274567
    ],
    "principal_point": [
        358.8895263671875,
        484.92236328125
    ],
    "radial_distortion": [
        0.0,
        0.0,
        0.0
    ],
    "skew": 0.0,
    "tangential_distortion": [
        0.0,
        0.0
    ]
}