{
    "focal_length": 719.9471435546875,
    "image_size": [
        720,
        960
    ],
    "orientation": [
        [
            0.5786840319633484,
            0.154641792178154,
            -0.8007563352584839
        ],
        [
            0.11339841783046722,
            -0.9875776767730713,
            -0.10877083241939545
        ],
        [
            -0.8076295852661133,
            -0.027860553935170174,
            -0.5890315771102905
        ]
    ],
    "pixel_aspect_ratio": 1.0,
    "position": [
        0.49301743507385254,
        0.02520449087023735,
        -0.20065955817699432
    ],
    "principal_point": [
        358.8895263671875,
        484.92236328125
    ],
    "radial_distortion": [
        0.0,
        0.0,
        0.0
    ],
    "skew": 0.0,
    "tangential_distortion": [
        0.0,
        0.0
    ]
}