{
    "focal_length": 719.9471435546875,
    "image_size": [
        720,
        960
    ],
    "orientation": [
        [
            0.7058717012405396,
            0.15463948249816895,
            -0.6912537813186646
        ],
        [
            0.1623670905828476,
            -0.9852185845375061,
            -0.05460129678249359
        ],
        [
            -0.6894795894622803,
            -0.0736953541636467,
            -0.7205462455749512
        ]
    ],
    "pixel_aspect_ratio": 1.0,
    "position": [
        0.5176011323928833,
        0.03306443989276886,
        -0.22125785052776337
    ],
    "principal_point": [
        358.8895263671875,
        484.92236328125
    ],
    "radial_distortion": [
        0.0,
        0.0,
        0.0
    ],
    "skew": 0.0,
    "tangential_distortion": [
        0.0,
        0.0
    ]
}