{
    "focal_length": 719.9471435546875,
    "image_size": [
        720,
        960
    ],
    "orientation": [
        [
            0.6589569449424744,
            0.1707613468170166,
            -0.7325409650802612
        ],
        [
            0.17161625623703003,
            -0.9823343753814697,
            -0.07461288571357727
        ],
        [
            -0.7323411703109741,
            -0.07654926180839539,
            -0.6766214966773987
        ]
    ],
    "pixel_aspect_ratio": 1.0,
    "position": [
        0.5307562947273254,
        0.035949401557445526,
        -0.24138393998146057
    ],
    "principal_point": [
        358.8895263671875,
        484.92236328125
    ],
    "radial_distortion": [
        0.0,
        0.0,
        0.0
    ],
    "skew": 0.0,
    "tangential_distortion": [
        0.0,
        0.0
    ]
}