{
    "focal_length": 719.9471435546875,
    "image_size": [
        720,
        960
    ],
    "orientation": [
        [
            0.7319630980491638,
            0.1514715552330017,
            -0.6642939448356628
        ],
        [
            0.16626328229904175,
            -0.9852100014686584,
            -0.04144657775759697
        ],
        [
            -0.6607469916343689,
            -0.08011031895875931,
            -0.7463214993476868
        ]
    ],
    "pixel_aspect_ratio": 1.0,
    "position": [
        0.42010676860809326,
        0.019486121833324432,
        -0.15573330223560333
    ],
    "principal_point": [
        358.8895263671875,
        484.92236328125
    ],
    "radial_distortion": [
        0.0,
        0.0,
        0.0
    ],
    "skew": 0.0,
    "tangential_distortion": [
        0.0,
        0.0
    ]
}