{
    "focal_length": 719.9471435546875,
    "image_size": [
        720,
        960
    ],
    "orientation": [
        [
            0.9693157076835632,
            0.10281635075807571,
            -0.22328415513038635
        ],
        [
            0.12225151062011719,
            -0.9896610975265503,
            0.07500294595956802
        ],
        [
            -0.2132641077041626,
            -0.0999983623623848,
            -0.9718635678291321
        ]
    ],
    "pixel_aspect_ratio": 1.0,
    "position": [
        0.16876430809497833,
        0.011048533953726292,
        -0.07090228796005249
    ],
    "principal_point": [
        358.8895263671875,
        484.92236328125
    ],
    "radial_distortion": [
        0.0,
        0.0,
        0.0
    ],
    "skew": 0.0,
    "tangential_distortion": [
        0.0,
        0.0
    ]
}