{
    "focal_length": 719.9471435546875,
    "image_size": [
        720,
        960
    ],
    "orientation": [
        [
            0.6990479826927185,
            0.1669473797082901,
            -0.6953132152557373
        ],
        [
            0.19179792702198029,
            -0.9805096387863159,
            -0.0425959974527359
        ],
        [
            -0.6888725757598877,
            -0.10358298569917679,
            -0.7174434661865234
        ]
    ],
    "pixel_aspect_ratio": 1.0,
    "position": [
        0.5176708102226257,
        0.035809069871902466,
        -0.23211993277072906
    ],
    "principal_point": [
        358.8895263671875,
        484.92236328125
    ],
    "radial_distortion": [
        0.0,
        0.0,
        0.0
    ],
    "skew": 0.0,
    "tangential_distortion": [
        0.0,
        0.0
    ]
}