{
    "focal_length": 719.9471435546875,
    "image_size": [
        720,
        960
    ],
    "orientation": [
        [
            0.645807683467865,
            0.17242345213890076,
            -0.7437759041786194
        ],
        [
            0.17233915627002716,
            -0.9819448590278625,
            -0.0779971033334732
        ],
        [
            -0.7437953948974609,
            -0.07781057804822922,
            -0.6638628840446472
        ]
    ],
    "pixel_aspect_ratio": 1.0,
    "position": [
        0.5295997858047485,
        0.034761764109134674,
        -0.2421828657388687
    ],
    "principal_point": [
        358.8895263671875,
        484.92236328125
    ],
    "radial_distortion": [
        0.0,
        0.0,
        0.0
    ],
    "skew": 0.0,
    "tangential_distortion": [
        0.0,
        0.0
    ]
}