{
    "focal_length": 719.9471435546875,
    "image_size": [
        720,
        960
    ],
    "orientation": [
        [
            0.9989779591560364,
            0.034781455993652344,
            0.02886628545820713
        ],
        [
            0.0335080586373806,
            -0.9984920620918274,
            0.04348314553499222
        ],
        [
            0.030335163697600365,
            -0.04247145354747772,
            -0.9986370205879211
        ]
    ],
    "pixel_aspect_ratio": 1.0,
    "position": [
        0.017945878207683563,
        0.012637332081794739,
        -0.014083989895880222
    ],
    "principal_point": [
        358.8895263671875,
        484.92236328125
    ],
    "radial_distortion": [
        0.0,
        0.0,
        0.0
    ],
    "skew": 0.0,
    "tangential_distortion": [
        0.0,
        0.0
    ]
}