{
    "focal_length": 719.9471435546875,
    "image_size": [
        720,
        960
    ],
    "orientation": [
        [
            0.7152419090270996,
            0.15848693251609802,
            -0.6806694865226746
        ],
        [
            0.17191235721111298,
            -0.9839199781417847,
            -0.04845162108540535
        ],
        [
            -0.6774032711982727,
            -0.08236086368560791,
            -0.7309866547584534
        ]
    ],
    "pixel_aspect_ratio": 1.0,
    "position": [
        0.5145807862281799,
        0.031756337732076645,
        -0.21871064603328705
    ],
    "principal_point": [
        358.8895263671875,
        484.92236328125
    ],
    "radial_distortion": [
        0.0,
        0.0,
        0.0
    ],
    "skew": 0.0,
    "tangential_distortion": [
        0.0,
        0.0
    ]
}