{
    "focal_length": 719.9471435546875,
    "image_size": [
        720,
        960
    ],
    "orientation": [
        [
            0.7151346802711487,
            0.1586155742406845,
            -0.680752158164978
        ],
        [
            0.16847679018974304,
            -0.9843140244483948,
            -0.05235963314771652
        ],
        [
            -0.6783789396286011,
            -0.07724674791097641,
            -0.7306401133537292
        ]
    ],
    "pixel_aspect_ratio": 1.0,
    "position": [
        0.5161378383636475,
        0.032210998237133026,
        -0.21962250769138336
    ],
    "principal_point": [
        358.8895263671875,
        484.92236328125
    ],
    "radial_distortion": [
        0.0,
        0.0,
        0.0
    ],
    "skew": 0.0,
    "tangential_distortion": [
        0.0,
        0.0
    ]
}