{
    "focal_length": 719.9471435546875,
    "image_size": [
        720,
        960
    ],
    "orientation": [
        [
            0.8719680309295654,
            0.0827934741973877,
            -0.48251110315322876
        ],
        [
            0.12080250680446625,
            -0.991506814956665,
            0.04817637801170349
        ],
        [
            -0.4744243621826172,
            -0.10029681026935577,
            -0.8745639324188232
        ]
    ],
    "pixel_aspect_ratio": 1.0,
    "position": [
        0.3738386631011963,
        0.0019039777107536793,
        -0.11421704292297363
    ],
    "principal_point": [
        358.8895263671875,
        484.92236328125
    ],
    "radial_distortion": [
        0.0,
        0.0,
        0.0
    ],
    "skew": 0.0,
    "tangential_distortion": [
        0.0,
        0.0
    ]
}