{
    "focal_length": 719.9471435546875,
    "image_size": [
        720,
        960
    ],
    "orientation": [
        [
            0.9439467191696167,
            0.007461427245289087,
            -0.3300134241580963
        ],
        [
            0.028922230005264282,
            -0.9977691769599915,
            0.06016804277896881
        ],
        [
            -0.3288283050060272,
            -0.06634015589952469,
            -0.9420567750930786
        ]
    ],
    "pixel_aspect_ratio": 1.0,
    "position": [
        0.31487613916397095,
        -0.007478367071598768,
        -0.07018651813268661
    ],
    "principal_point": [
        358.8895263671875,
        484.92236328125
    ],
    "radial_distortion": [
        0.0,
        0.0,
        0.0
    ],
    "skew": 0.0,
    "tangential_distortion": [
        0.0,
        0.0
    ]
}