{
    "focal_length": 719.9471435546875,
    "image_size": [
        720,
        960
    ],
    "orientation": [
        [
            0.8450193405151367,
            0.11118361353874207,
            -0.5230492353439331
        ],
        [
            0.1475420445203781,
            -0.9886534810066223,
            0.028207309544086456
        ],
        [
            -0.5139782428741455,
            -0.10100747644901276,
            -0.8518355488777161
        ]
    ],
    "pixel_aspect_ratio": 1.0,
    "position": [
        0.42874598503112793,
        0.0038189059123396873,
        -0.15172222256660461
    ],
    "principal_point": [
        358.8895263671875,
        484.92236328125
    ],
    "radial_distortion": [
        0.0,
        0.0,
        0.0
    ],
    "skew": 0.0,
    "tangential_distortion": [
        0.0,
        0.0
    ]
}