{
    "focal_length": 719.9471435546875,
    "image_size": [
        720,
        960
    ],
    "orientation": [
        [
            0.7109858393669128,
            0.16382165253162384,
            -0.6838578581809998
        ],
        [
            0.1737585961818695,
            -0.9832571744918823,
            -0.054892875254154205
        ],
        [
            -0.6814007759094238,
            -0.079798124730587,
            -0.7275474071502686
        ]
    ],
    "pixel_aspect_ratio": 1.0,
    "position": [
        0.4272575378417969,
        0.02020777389407158,
        -0.16053028404712677
    ],
    "principal_point": [
        358.8895263671875,
        484.92236328125
    ],
    "radial_distortion": [
        0.0,
        0.0,
        0.0
    ],
    "skew": 0.0,
    "tangential_distortion": [
        0.0,
        0.0
    ]
}