{
    "focal_length": 719.9471435546875,
    "image_size": [
        720,
        960
    ],
    "orientation": [
        [
            0.5623016953468323,
            0.16184739768505096,
            -0.8109390735626221
        ],
        [
            0.1326855570077896,
            -0.9856122136116028,
            -0.1047050878405571
        ],
        [
            -0.8162177205085754,
            -0.04872405156493187,
            -0.5756862163543701
        ]
    ],
    "pixel_aspect_ratio": 1.0,
    "position": [
        0.49702179431915283,
        0.023681461811065674,
        -0.20758673548698425
    ],
    "principal_point": [
        358.8895263671875,
        484.92236328125
    ],
    "radial_distortion": [
        0.0,
        0.0,
        0.0
    ],
    "skew": 0.0,
    "tangential_distortion": [
        0.0,
        0.0
    ]
}