{
    "focal_length": 719.9471435546875,
    "image_size": [
        720,
        960
    ],
    "orientation": [
        [
            0.9940895438194275,
            0.1085297018289566,
            -0.002705951686948538
        ],
        [
            0.10805974900722504,
            -0.9915682077407837,
            -0.0715230256319046
        ],
        [
            -0.010445508174598217,
            0.07080788165330887,
            -0.9974352717399597
        ]
    ],
    "pixel_aspect_ratio": 1.0,
    "position": [
        0.044381484389305115,
        0.015601580031216145,
        -0.020768292248249054
    ],
    "principal_point": [
        358.8895263671875,
        484.92236328125
    ],
    "radial_distortion": [
        0.0,
        0.0,
        0.0
    ],
    "skew": 0.0,
    "tangential_distortion": [
        0.0,
        0.0
    ]
}