{
    "focal_length": 719.9471435546875,
    "image_size": [
        720,
        960
    ],
    "orientation": [
        [
            0.7040009498596191,
            0.15382330119609833,
            -0.693340539932251
        ],
        [
            0.16396312415599823,
            -0.9850914478302002,
            -0.05206652730703354
        ],
        [
            -0.6910128593444824,
            -0.07702738791704178,
            -0.718726634979248
        ]
    ],
    "pixel_aspect_ratio": 1.0,
    "position": [
        0.5189144611358643,
        0.03375394269824028,
        -0.22454454004764557
    ],
    "principal_point": [
        358.8895263671875,
        484.92236328125
    ],
    "radial_distortion": [
        0.0,
        0.0,
        0.0
    ],
    "skew": 0.0,
    "tangential_distortion": [
        0.0,
        0.0
    ]
}