{
    "focal_length": 719.9471435546875,
    "image_size": [
        720,
        960
    ],
    "orientation": [
        [
            0.9424575567245483,
            0.0967755913734436,
            -0.3200128674507141
        ],
        [
            0.11225129663944244,
            -0.9932200312614441,
            0.0302257277071476
        ],
        [
            -0.31491807103157043,
            -0.0644083246588707,
            -0.9469309449195862
        ]
    ],
    "pixel_aspect_ratio": 1.0,
    "position": [
        0.204425647854805,
        0.006627552676945925,
        -0.05822344124317169
    ],
    "principal_point": [
        358.8895263671875,
        484.92236328125
    ],
    "radial_distortion": [
        0.0,
        0.0,
        0.0
    ],
    "skew": 0.0,
    "tangential_distortion": [
        0.0,
        0.0
    ]
}