{
    "focal_length": 719.9471435546875,
    "image_size": [
        720,
        960
    ],
    "orientation": [
        [
            0.8659687638282776,
            0.03957407549023628,
            -0.4985298216342926
        ],
        [
            0.11420059204101562,
            -0.9861729741096497,
            0.1200876235961914
        ],
        [
            -0.4868842661380768,
            -0.1609245240688324,
            -0.8585144281387329
        ]
    ],
    "pixel_aspect_ratio": 1.0,
    "position": [
        0.3225308060646057,
        0.012132800184190273,
        -0.08691070973873138
    ],
    "principal_point": [
        358.8895263671875,
        484.92236328125
    ],
    "radial_distortion": [
        0.0,
        0.0,
        0.0
    ],
    "skew": 0.0,
    "tangential_distortion": [
        0.0,
        0.0
    ]
}