{
    "focal_length": 719.9471435546875,
    "image_size": [
        720,
        960
    ],
    "orientation": [
        [
            0.5453170537948608,
            0.16183951497077942,
            -0.8224580883979797
        ],
        [
            0.12181752920150757,
            -0.9860687255859375,
            -0.11326499283313751
        ],
        [
            -0.8293309807777405,
            -0.03842448443174362,
            -0.5574349761009216
        ]
    ],
    "pixel_aspect_ratio": 1.0,
    "position": [
        0.49910467863082886,
        0.022509537637233734,
        -0.21117296814918518
    ],
    "principal_point": [
        358.8895263671875,
        484.92236328125
    ],
    "radial_distortion": [
        0.0,
        0.0,
        0.0
    ],
    "skew": 0.0,
    "tangential_distortion": [
        0.0,
        0.0
    ]
}