{
    "focal_length": 719.9471435546875,
    "image_size": [
        720,
        960
    ],
    "orientation": [
        [
            0.9908957481384277,
            0.12717223167419434,
            -0.04419144243001938
        ],
        [
            0.12628868222236633,
            -0.9917439222335815,
            -0.022252408787608147
        ],
        [
            -0.04665648192167282,
            0.016468938440084457,
            -0.9987752437591553
        ]
    ],
    "pixel_aspect_ratio": 1.0,
    "position": [
        0.07115297019481659,
        0.011780893430113792,
        -0.033939898014068604
    ],
    "principal_point": [
        358.8895263671875,
        484.92236328125
    ],
    "radial_distortion": [
        0.0,
        0.0,
        0.0
    ],
    "skew": 0.0,
    "tangential_distortion": [
        0.0,
        0.0
    ]
}