{
    "focal_length": 719.9471435546875,
    "image_size": [
        720,
        960
    ],
    "orientation": [
        [
            0.7435328364372253,
            0.15559326112270355,
            -0.6503458023071289
        ],
        [
            0.1767248511314392,
            -0.9836968779563904,
            -0.03329901397228241
        ],
        [
            -0.6449242234230042,
            -0.09017334878444672,
            -0.7589080929756165
        ]
    ],
    "pixel_aspect_ratio": 1.0,
    "position": [
        0.49303218722343445,
        0.023422282189130783,
        -0.2040390521287918
    ],
    "principal_point": [
        358.8895263671875,
        484.92236328125
    ],
    "radial_distortion": [
        0.0,
        0.0,
        0.0
    ],
    "skew": 0.0,
    "tangential_distortion": [
        0.0,
        0.0
    ]
}