{
    "focal_length": 719.9471435546875,
    "image_size": [
        720,
        960
    ],
    "orientation": [
        [
            0.6304646134376526,
            0.17722302675247192,
            -0.7557157874107361
        ],
        [
            0.1512773483991623,
            -0.9829720854759216,
            -0.10431207716464996
        ],
        [
            -0.7613340616226196,
            -0.04855760931968689,
            -0.6465389728546143
        ]
    ],
    "pixel_aspect_ratio": 1.0,
    "position": [
        0.46379804611206055,
        0.02592826634645462,
        -0.1769576221704483
    ],
    "principal_point": [
        358.8895263671875,
        484.92236328125
    ],
    "radial_distortion": [
        0.0,
        0.0,
        0.0
    ],
    "skew": 0.0,
    "tangential_distortion": [
        0.0,
        0.0
    ]
}