{
    "focal_length": 719.9471435546875,
    "image_size": [
        720,
        960
    ],
    "orientation": [
        [
            0.7510566115379333,
            0.15184356272220612,
            -0.6425398588180542
        ],
        [
            0.17541716992855072,
            -0.9841094613075256,
            -0.02751963585615158
        ],
        [
            -0.6365082859992981,
            -0.09204372018575668,
            -0.7657579183578491
        ]
    ],
    "pixel_aspect_ratio": 1.0,
    "position": [
        0.49007952213287354,
        0.023165076971054077,
        -0.2023928165435791
    ],
    "principal_point": [
        358.8895263671875,
        484.92236328125
    ],
    "radial_distortion": [
        0.0,
        0.0,
        0.0
    ],
    "skew": 0.0,
    "tangential_distortion": [
        0.0,
        0.0
    ]
}