{
    "focal_length": 719.9471435546875,
    "image_size": [
        720,
        960
    ],
    "orientation": [
        [
            0.6369665861129761,
            0.16832615435123444,
            -0.7522897720336914
        ],
        [
            0.16240467131137848,
            -0.9832693338394165,
            -0.08249958604574203
        ],
        [
            -0.7535902857780457,
            -0.06962588429450989,
            -0.6536466479301453
        ]
    ],
    "pixel_aspect_ratio": 1.0,
    "position": [
        0.5258837938308716,
        0.031752947717905045,
        -0.2381269782781601
    ],
    "principal_point": [
        358.8895263671875,
        484.92236328125
    ],
    "radial_distortion": [
        0.0,
        0.0,
        0.0
    ],
    "skew": 0.0,
    "tangential_distortion": [
        0.0,
        0.0
    ]
}