{
    "focal_length": 719.9471435546875,
    "image_size": [
        720,
        960
    ],
    "orientation": [
        [
            0.9919085502624512,
            0.11621243506669998,
            -0.05110921338200569
        ],
        [
            0.11521857231855392,
            -0.9930967092514038,
            -0.021990280598402023
        ],
        [
            -0.05331193655729294,
            0.01592361554503441,
            -0.9984509348869324
        ]
    ],
    "pixel_aspect_ratio": 1.0,
    "position": [
        0.10197368264198303,
        0.015021339990198612,
        -0.04256197810173035
    ],
    "principal_point": [
        358.8895263671875,
        484.92236328125
    ],
    "radial_distortion": [
        0.0,
        0.0,
        0.0
    ],
    "skew": 0.0,
    "tangential_distortion": [
        0.0,
        0.0
    ]
}