{
    "focal_length": 719.9471435546875,
    "image_size": [
        720,
        960
    ],
    "orientation": [
        [
            0.9043534994125366,
            0.02869921177625656,
            -0.4258181154727936
        ],
        [
            0.06299938261508942,
            -0.9957832098007202,
            0.06668461114168167
        ],
        [
            -0.4221087396144867,
            -0.08713274449110031,
            -0.9023481011390686
        ]
    ],
    "pixel_aspect_ratio": 1.0,
    "position": [
        0.35403645038604736,
        -0.003827937413007021,
        -0.09585262835025787
    ],
    "principal_point": [
        358.8895263671875,
        484.92236328125
    ],
    "radial_distortion": [
        0.0,
        0.0,
        0.0
    ],
    "skew": 0.0,
    "tangential_distortion": [
        0.0,
        0.0
    ]
}