{
    "focal_length": 719.9471435546875,
    "image_size": [
        720,
        960
    ],
    "orientation": [
        [
            0.9327566027641296,
            0.05685006082057953,
            -0.3559960126876831
        ],
        [
            0.09731032699346542,
            -0.9905369877815247,
            0.09678411483764648
        ],
        [
            -0.3471250534057617,
            -0.12491811066865921,
            -0.9294620156288147
        ]
    ],
    "pixel_aspect_ratio": 1.0,
    "position": [
        0.282057523727417,
        0.01170876994729042,
        -0.04399055987596512
    ],
    "principal_point": [
        358.8895263671875,
        484.92236328125
    ],
    "radial_distortion": [
        0.0,
        0.0,
        0.0
    ],
    "skew": 0.0,
    "tangential_distortion": [
        0.0,
        0.0
    ]
}