{
    "focal_length": 719.9471435546875,
    "image_size": [
        720,
        960
    ],
    "orientation": [
        [
            0.8536282181739807,
            0.10959408432245255,
            -0.5092229843139648
        ],
        [
            0.15060099959373474,
            -0.9877904653549194,
            0.03986714407801628
        ],
        [
            -0.4986363649368286,
            -0.11072120070457458,
            -0.8597107529640198
        ]
    ],
    "pixel_aspect_ratio": 1.0,
    "position": [
        0.42496976256370544,
        0.002917013829573989,
        -0.14972610771656036
    ],
    "principal_point": [
        358.8895263671875,
        484.92236328125
    ],
    "radial_distortion": [
        0.0,
        0.0,
        0.0
    ],
    "skew": 0.0,
    "tangential_distortion": [
        0.0,
        0.0
    ]
}