{
    "focal_length": 719.9471435546875,
    "image_size": [
        720,
        960
    ],
    "orientation": [
        [
            0.9960694313049316,
            0.08672790974378586,
            -0.01799972727894783
        ],
        [
            0.08694254606962204,
            -0.9961469173431396,
            0.011504384689033031
        ],
        [
            -0.016932619735598564,
            -0.013024108484387398,
            -0.999771773815155
        ]
    ],
    "pixel_aspect_ratio": 1.0,
    "position": [
        0.02781236171722412,
        0.015041702426970005,
        -0.018011974170804024
    ],
    "principal_point": [
        358.8895263671875,
        484.92236328125
    ],
    "radial_distortion": [
        0.0,
        0.0,
        0.0
    ],
    "skew": 0.0,
    "tangential_distortion": [
        0.0,
        0.0
    ]
}