{
    "focal_length": 719.9471435546875,
    "image_size": [
        720,
        960
    ],
    "orientation": [
        [
            0.7163341045379639,
            0.16500309109687805,
            -0.6779671907424927
        ],
        [
            0.1689070463180542,
            -0.9837452173233032,
            -0.0609574057161808
        ],
        [
            -0.6770051121711731,
            -0.07084756344556808,
            -0.732560396194458
        ]
    ],
    "pixel_aspect_ratio": 1.0,
    "position": [
        0.5040112137794495,
        0.02764703892171383,
        -0.20924194157123566
    ],
    "principal_point": [
        358.8895263671875,
        484.92236328125
    ],
    "radial_distortion": [
        0.0,
        0.0,
        0.0
    ],
    "skew": 0.0,
    "tangential_distortion": [
        0.0,
        0.0
    ]
}