{
    "focal_length": 719.9471435546875,
    "image_size": [
        720,
        960
    ],
    "orientation": [
        [
            0.9419515132904053,
            0.09328758716583252,
            -0.3225286602973938
        ],
        [
            0.10751043260097504,
            -0.9938499927520752,
            0.026527103036642075
        ],
        [
            -0.3180704414844513,
            -0.05966243892908096,
            -0.9461879134178162
        ]
    ],
    "pixel_aspect_ratio": 1.0,
    "position": [
        0.21135491132736206,
        0.005943829193711281,
        -0.055704329162836075
    ],
    "principal_point": [
        358.8895263671875,
        484.92236328125
    ],
    "radial_distortion": [
        0.0,
        0.0,
        0.0
    ],
    "skew": 0.0,
    "tangential_distortion": [
        0.0,
        0.0
    ]
}