{
    "focal_length": 719.9471435546875,
    "image_size": [
        720,
        960
    ],
    "orientation": [
        [
            0.8709260821342468,
            0.04115397110581398,
            -0.4896877408027649
        ],
        [
            0.11903416365385056,
            -0.9844784140586853,
            0.1289694607257843
        ],
        [
            -0.47677940130233765,
            -0.17061243951320648,
            -0.8623066544532776
        ]
    ],
    "pixel_aspect_ratio": 1.0,
    "position": [
        0.31909021735191345,
        0.011642033234238625,
        -0.08214697241783142
    ],
    "principal_point": [
        358.8895263671875,
        484.92236328125
    ],
    "radial_distortion": [
        0.0,
        0.0,
        0.0
    ],
    "skew": 0.0,
    "tangential_distortion": [
        0.0,
        0.0
    ]
}