{
    "focal_length": 719.9471435546875,
    "image_size": [
        720,
        960
    ],
    "orientation": [
        [
            0.7003898024559021,
            0.16473600268363953,
            -0.6944898366928101
        ],
        [
            0.18463391065597534,
            -0.9816991090774536,
            -0.04666084423661232
        ],
        [
            -0.6894667744636536,
            -0.09554559737443924,
            -0.7179878950119019
        ]
    ],
    "pixel_aspect_ratio": 1.0,
    "position": [
        0.5180546641349792,
        0.03576118126511574,
        -0.22987376153469086
    ],
    "principal_point": [
        358.8895263671875,
        484.92236328125
    ],
    "radial_distortion": [
        0.0,
        0.0,
        0.0
    ],
    "skew": 0.0,
    "tangential_distortion": [
        0.0,
        0.0
    ]
}