{
    "focal_length": 719.9471435546875,
    "image_size": [
        720,
        960
    ],
    "orientation": [
        [
            0.7208698391914368,
            0.16763223707675934,
            -0.6724924445152283
        ],
        [
            0.17203155159950256,
            -0.9832207560539246,
            -0.06068044528365135
        ],
        [
            -0.6713805198669434,
            -0.07194720953702927,
            -0.737612247467041
        ]
    ],
    "pixel_aspect_ratio": 1.0,
    "position": [
        0.501282274723053,
        0.026533829048275948,
        -0.2073424905538559
    ],
    "principal_point": [
        358.8895263671875,
        484.92236328125
    ],
    "radial_distortion": [
        0.0,
        0.0,
        0.0
    ],
    "skew": 0.0,
    "tangential_distortion": [
        0.0,
        0.0
    ]
}