{
    "focal_length": 719.9471435546875,
    "image_size": [
        720,
        960
    ],
    "orientation": [
        [
            0.9762141108512878,
            -0.04481648653745651,
            -0.21212615072727203
        ],
        [
            -0.02466828189790249,
            -0.9950084686279297,
            0.09669367969036102
        ],
        [
            -0.21540077030658722,
            -0.08916094899177551,
            -0.9724467992782593
        ]
    ],
    "pixel_aspect_ratio": 1.0,
    "position": [
        0.22878500819206238,
        -0.015501827001571655,
        -0.04322046786546707
    ],
    "principal_point": [
        358.8895263671875,
        484.92236328125
    ],
    "radial_distortion": [
        0.0,
        0.0,
        0.0
    ],
    "skew": 0.0,
    "tangential_distortion": [
        0.0,
        0.0
    ]
}