{
    "focal_length": 719.9471435546875,
    "image_size": [
        720,
        960
    ],
    "orientation": [
        [
            0.9926416873931885,
            0.10713455826044083,
            -0.05643333122134209
        ],
        [
            0.10753358900547028,
            -0.9941931366920471,
            0.004073512274771929
        ],
        [
            -0.05566921830177307,
            -0.010112017393112183,
            -0.9983980655670166
        ]
    ],
    "pixel_aspect_ratio": 1.0,
    "position": [
        0.12393879890441895,
        0.017292819917201996,
        -0.053145911544561386
    ],
    "principal_point": [
        358.8895263671875,
        484.92236328125
    ],
    "radial_distortion": [
        0.0,
        0.0,
        0.0
    ],
    "skew": 0.0,
    "tangential_distortion": [
        0.0,
        0.0
    ]
}