{
    "focal_length": 719.9471435546875,
    "image_size": [
        720,
        960
    ],
    "orientation": [
        [
            0.9482848644256592,
            0.006812772713601589,
            -0.31734737753868103
        ],
        [
            0.02645825408399105,
            -0.9979869723320007,
            0.05763684958219528
        ],
        [
            -0.3163158595561981,
            -0.06305260956287384,
            -0.9465562105178833
        ]
    ],
    "pixel_aspect_ratio": 1.0,
    "position": [
        0.311154305934906,
        -0.007064288016408682,
        -0.06701434403657913
    ],
    "principal_point": [
        358.8895263671875,
        484.92236328125
    ],
    "radial_distortion": [
        0.0,
        0.0,
        0.0
    ],
    "skew": 0.0,
    "tangential_distortion": [
        0.0,
        0.0
    ]
}