{
    "focal_length": 719.9471435546875,
    "image_size": [
        720,
        960
    ],
    "orientation": [
        [
            0.9283100962638855,
            0.05417702719569206,
            -0.36783862113952637
        ],
        [
            0.09092626720666885,
            -0.9923668503761292,
            0.08330904692411423
        ],
        [
            -0.3605174422264099,
            -0.11078282445669174,
            -0.9261502623558044
        ]
    ],
    "pixel_aspect_ratio": 1.0,
    "position": [
        0.2688618302345276,
        0.010800858959555626,
        -0.04462016001343727
    ],
    "principal_point": [
        358.8895263671875,
        484.92236328125
    ],
    "radial_distortion": [
        0.0,
        0.0,
        0.0
    ],
    "skew": 0.0,
    "tangential_distortion": [
        0.0,
        0.0
    ]
}