{
    "focal_length": 719.9471435546875,
    "image_size": [
        720,
        960
    ],
    "orientation": [
        [
            0.9838910698890686,
            0.09701156616210938,
            -0.15015698969364166
        ],
        [
            0.10590421408414841,
            -0.9929954409599304,
            0.052386268973350525
        ],
        [
            -0.144023135304451,
            -0.06744463741779327,
            -0.9872732758522034
        ]
    ],
    "pixel_aspect_ratio": 1.0,
    "position": [
        0.15501686930656433,
        0.014438853599131107,
        -0.06954837590456009
    ],
    "principal_point": [
        358.8895263671875,
        484.92236328125
    ],
    "radial_distortion": [
        0.0,
        0.0,
        0.0
    ],
    "skew": 0.0,
    "tangential_distortion": [
        0.0,
        0.0
    ]
}