{
    "focal_length": 719.9471435546875,
    "image_size": [
        720,
        960
    ],
    "orientation": [
        [
            0.9448203444480896,
            0.10793767869472504,
            -0.3092958927154541
        ],
        [
            0.13358601927757263,
            -0.9890379309654236,
            0.06291818618774414
        ],
        [
            -0.2991141378879547,
            -0.10076399147510529,
            -0.9488821625709534
        ]
    ],
    "pixel_aspect_ratio": 1.0,
    "position": [
        0.17947207391262054,
        0.00929339975118637,
        -0.06829836219549179
    ],
    "principal_point": [
        358.8895263671875,
        484.92236328125
    ],
    "radial_distortion": [
        0.0,
        0.0,
        0.0
    ],
    "skew": 0.0,
    "tangential_distortion": [
        0.0,
        0.0
    ]
}