{
    "focal_length": 719.9471435546875,
    "image_size": [
        720,
        960
    ],
    "orientation": [
        [
            0.9833104610443115,
            0.1101660504937172,
            -0.14478957653045654
        ],
        [
            0.11543326079845428,
            -0.9929071664810181,
            0.028469378128647804
        ],
        [
            -0.14062625169754028,
            -0.0447077713906765,
            -0.9890528321266174
        ]
    ],
    "pixel_aspect_ratio": 1.0,
    "position": [
        0.14494985342025757,
        0.016659166663885117,
        -0.06552644819021225
    ],
    "principal_point": [
        358.8895263671875,
        484.92236328125
    ],
    "radial_distortion": [
        0.0,
        0.0,
        0.0
    ],
    "skew": 0.0,
    "tangential_distortion": [
        0.0,
        0.0
    ]
}