{
    "focal_length": 719.9471435546875,
    "image_size": [
        720,
        960
    ],
    "orientation": [
        [
            0.9997921586036682,
            0.02021036110818386,
            0.002686344785615802
        ],
        [
            0.02011728100478649,
            -0.9993152022361755,
            0.031054506078362465
        ],
        [
            0.0033121281303465366,
            -0.030994009226560593,
            -0.999514102935791
        ]
    ],
    "pixel_aspect_ratio": 1.0,
    "position": [
        -0.0024832487106323242,
        -0.0013097182381898165,
        0.0002339482307434082
    ],
    "principal_point": [
        358.8895263671875,
        484.92236328125
    ],
    "radial_distortion": [
        0.0,
        0.0,
        0.0
    ],
    "skew": 0.0,
    "tangential_distortion": [
        0.0,
        0.0
    ]
}