{
    "focal_length": 719.9471435546875,
    "image_size": [
        720,
        960
    ],
    "orientation": [
        [
            0.8850427865982056,
            0.05618961900472641,
            -0.46210598945617676
        ],
        [
            0.08767203241586685,
            -0.9950437545776367,
            0.0469207726418972
        ],
        [
            -0.4571792185306549,
            -0.08204066753387451,
            -0.8855825662612915
        ]
    ],
    "pixel_aspect_ratio": 1.0,
    "position": [
        0.363521933555603,
        -0.0007638934766873717,
        -0.10240699350833893
    ],
    "principal_point": [
        358.8895263671875,
        484.92236328125
    ],
    "radial_distortion": [
        0.0,
        0.0,
        0.0
    ],
    "skew": 0.0,
    "tangential_distortion": [
        0.0,
        0.0
    ]
}