{
    "focal_length": 719.9471435546875,
    "image_size": [
        720,
        960
    ],
    "orientation": [
        [
            0.9997450709342957,
            0.02001125179231167,
            0.01045940350741148
        ],
        [
            0.01969335414469242,
            -0.9993659853935242,
            0.02966047078371048
        ],
        [
            0.011046315543353558,
            -0.029446927830576897,
            -0.9995052814483643
        ]
    ],
    "pixel_aspect_ratio": 1.0,
    "position": [
        -0.0018264725804328918,
        -0.0011362014338374138,
        0.0003824084997177124
    ],
    "principal_point": [
        358.8895263671875,
        484.92236328125
    ],
    "radial_distortion": [
        0.0,
        0.0,
        0.0
    ],
    "skew": 0.0,
    "tangential_distortion": [
        0.0,
        0.0
    ]
}