{
    "focal_length": 719.9471435546875,
    "image_size": [
        720,
        960
    ],
    "orientation": [
        [
            0.5524506568908691,
            0.16125290095806122,
            -0.8177993893623352
        ],
        [
            0.126607283949852,
            -0.985958993434906,
            -0.10888303816318512
        ],
        [
            -0.823874294757843,
            -0.043386850506067276,
            -0.5651094317436218
        ]
    ],
    "pixel_aspect_ratio": 1.0,
    "position": [
        0.4983581304550171,
        0.02320875972509384,
        -0.2094903141260147
    ],
    "principal_point": [
        358.8895263671875,
        484.92236328125
    ],
    "radial_distortion": [
        0.0,
        0.0,
        0.0
    ],
    "skew": 0.0,
    "tangential_distortion": [
        0.0,
        0.0
    ]
}