{
    "focal_length": 719.9471435546875,
    "image_size": [
        720,
        960
    ],
    "orientation": [
        [
            0.9996346235275269,
            0.020534591749310493,
            0.01757611706852913
        ],
        [
            0.019950440153479576,
            -0.9992631673812866,
            0.03278936818242073
        ],
        [
            0.01823648251593113,
            -0.03242673724889755,
            -0.9993077516555786
        ]
    ],
    "pixel_aspect_ratio": 1.0,
    "position": [
        -0.0011478881351649761,
        -0.0010385924251750112,
        0.00021964650659356266
    ],
    "principal_point": [
        358.8895263671875,
        484.92236328125
    ],
    "radial_distortion": [
        0.0,
        0.0,
        0.0
    ],
    "skew": 0.0,
    "tangential_distortion": [
        0.0,
        0.0
    ]
}