{
    "focal_length": 719.9471435546875,
    "image_size": [
        720,
        960
    ],
    "orientation": [
        [
            0.9997113943099976,
            0.018107576295733452,
            0.01578819565474987
        ],
        [
            0.01757785677909851,
            -0.9992985129356384,
            0.03306842967867851
        ],
        [
            0.016375908628106117,
            -0.032781362533569336,
            -0.9993283748626709
        ]
    ],
    "pixel_aspect_ratio": 1.0,
    "position": [
        -0.0008124187588691711,
        -0.0005872920155525208,
        -0.00014687608927488327
    ],
    "principal_point": [
        358.8895263671875,
        484.92236328125
    ],
    "radial_distortion": [
        0.0,
        0.0,
        0.0
    ],
    "skew": 0.0,
    "tangential_distortion": [
        0.0,
        0.0
    ]
}