{
    "focal_length": 719.9471435546875,
    "image_size": [
        720,
        960
    ],
    "orientation": [
        [
            0.9999677538871765,
            0.005645165219902992,
            0.005706892814487219
        ],
        [
            0.005633191671222448,
            -0.9999818801879883,
            0.0021119846496731043
        ],
        [
            0.005718712229281664,
            -0.0020797685720026493,
            -0.9999814629554749
        ]
    ],
    "pixel_aspect_ratio": 1.0,
    "position": [
        -0.00012584112118929625,
        -5.4587282647844404e-05,
        0.0004746119666378945
    ],
    "principal_point": [
        358.8895263671875,
        484.92236328125
    ],
    "radial_distortion": [
        0.0,
        0.0,
        0.0
    ],
    "skew": 0.0,
    "tangential_distortion": [
        0.0,
        0.0
    ]
}