{
    "focal_length": 719.9471435546875,
    "image_size": [
        720,
        960
    ],
    "orientation": [
        [
            0.8171581029891968,
            0.1268792450428009,
            -0.5622760057449341
        ],
        [
            0.16295601427555084,
            -0.9865309596061707,
            0.014211026020348072
        ],
        [
            -0.5528995990753174,
            -0.10323891043663025,
            -0.8268275260925293
        ]
    ],
    "pixel_aspect_ratio": 1.0,
    "position": [
        0.3670080900192261,
        0.02786370739340782,
        -0.12104885280132294
    ],
    "principal_point": [
        358.8895263671875,
        484.92236328125
    ],
    "radial_distortion": [
        0.0,
        0.0,
        0.0
    ],
    "skew": 0.0,
    "tangential_distortion": [
        0.0,
        0.0
    ]
}