{
    "focal_length": 719.9471435546875,
    "image_size": [
        720,
        960
    ],
    "orientation": [
        [
            0.7434731125831604,
            0.14246125519275665,
            -0.653416097164154
        ],
        [
            0.1609489768743515,
            -0.9864458441734314,
            -0.031938426196575165
        ],
        [
            -0.6491095423698425,
            -0.08142128586769104,
            -0.7563248872756958
        ]
    ],
    "pixel_aspect_ratio": 1.0,
    "position": [
        0.4172363877296448,
        0.01962195336818695,
        -0.15316928923130035
    ],
    "principal_point": [
        358.8895263671875,
        484.92236328125
    ],
    "radial_distortion": [
        0.0,
        0.0,
        0.0
    ],
    "skew": 0.0,
    "tangential_distortion": [
        0.0,
        0.0
    ]
}