{
    "focal_length": 719.9471435546875,
    "image_size": [
        720,
        960
    ],
    "orientation": [
        [
            0.6819822788238525,
            0.1531483680009842,
            -0.7151543498039246
        ],
        [
            0.1449674367904663,
            -0.9867351055145264,
            -0.0730634480714798
        ],
        [
            -0.7168574333190918,
            -0.05384611710906029,
            -0.6951373815536499
        ]
    ],
    "pixel_aspect_ratio": 1.0,
    "position": [
        0.5343979001045227,
        0.03554104268550873,
        -0.23586425185203552
    ],
    "principal_point": [
        358.8895263671875,
        484.92236328125
    ],
    "radial_distortion": [
        0.0,
        0.0,
        0.0
    ],
    "skew": 0.0,
    "tangential_distortion": [
        0.0,
        0.0
    ]
}