{
    "focal_length": 719.9471435546875,
    "image_size": [
        720,
        960
    ],
    "orientation": [
        [
            0.9783101677894592,
            -0.04044623300433159,
            -0.203158438205719
        ],
        [
            -0.022306781262159348,
            -0.9956195950508118,
            0.09079667925834656
        ],
        [
            -0.20594090223312378,
            -0.08429550379514694,
            -0.9749270081520081
        ]
    ],
    "pixel_aspect_ratio": 1.0,
    "position": [
        0.22375236451625824,
        -0.01564781367778778,
        -0.04170512408018112
    ],
    "principal_point": [
        358.8895263671875,
        484.92236328125
    ],
    "radial_distortion": [
        0.0,
        0.0,
        0.0
    ],
    "skew": 0.0,
    "tangential_distortion": [
        0.0,
        0.0
    ]
}