{
    "focal_length": 719.9471435546875,
    "image_size": [
        720,
        960
    ],
    "orientation": [
        [
            0.6653905510902405,
            0.18152913451194763,
            -0.7240874171257019
        ],
        [
            0.17934861779212952,
            -0.9804462790489197,
            -0.08098842948675156
        ],
        [
            -0.72463059425354,
            -0.07597514241933823,
            -0.6849367022514343
        ]
    ],
    "pixel_aspect_ratio": 1.0,
    "position": [
        0.44814586639404297,
        0.02395213022828102,
        -0.1705767661333084
    ],
    "principal_point": [
        358.8895263671875,
        484.92236328125
    ],
    "radial_distortion": [
        0.0,
        0.0,
        0.0
    ],
    "skew": 0.0,
    "tangential_distortion": [
        0.0,
        0.0
    ]
}