{
    "focal_length": 719.9471435546875,
    "image_size": [
        720,
        960
    ],
    "orientation": [
        [
            0.8807381391525269,
            0.06227193772792816,
            -0.46949172019958496
        ],
        [
            0.09259651601314545,
            -0.9948278665542603,
            0.041754577308893204
        ],
        [
            -0.46446332335472107,
            -0.0802481472492218,
            -0.8819490075111389
        ]
    ],
    "pixel_aspect_ratio": 1.0,
    "position": [
        0.3652631640434265,
        -0.00018792366608977318,
        -0.10372212529182434
    ],
    "principal_point": [
        358.8895263671875,
        484.92236328125
    ],
    "radial_distortion": [
        0.0,
        0.0,
        0.0
    ],
    "skew": 0.0,
    "tangential_distortion": [
        0.0,
        0.0
    ]
}