{
    "focal_length": 719.9471435546875,
    "image_size": [
        720,
        960
    ],
    "orientation": [
        [
            0.900749146938324,
            0.02752663940191269,
            -0.4334665834903717
        ],
        [
            0.06028234586119652,
            -0.9962539076805115,
            0.062001898884773254
        ],
        [
            -0.4301360547542572,
            -0.08197853714227676,
            -0.8990342020988464
        ]
    ],
    "pixel_aspect_ratio": 1.0,
    "position": [
        0.35098567605018616,
        -0.003974250052124262,
        -0.09427132457494736
    ],
    "principal_point": [
        358.8895263671875,
        484.92236328125
    ],
    "radial_distortion": [
        0.0,
        0.0,
        0.0
    ],
    "skew": 0.0,
    "tangential_distortion": [
        0.0,
        0.0
    ]
}