{
    "focal_length": 719.9471435546875,
    "image_size": [
        720,
        960
    ],
    "orientation": [
        [
            0.65252685546875,
            0.18011821806430817,
            -0.736047625541687
        ],
        [
            0.17114752531051636,
            -0.9812716245651245,
            -0.08839990198612213
        ],
        [
            -0.7381851077079773,
            -0.06828942894935608,
            -0.6711328625679016
        ]
    ],
    "pixel_aspect_ratio": 1.0,
    "position": [
        0.4532715678215027,
        0.024525076150894165,
        -0.17257964611053467
    ],
    "principal_point": [
        358.8895263671875,
        484.92236328125
    ],
    "radial_distortion": [
        0.0,
        0.0,
        0.0
    ],
    "skew": 0.0,
    "tangential_distortion": [
        0.0,
        0.0
    ]
}