{
    "focal_length": 719.9471435546875,
    "image_size": [
        720,
        960
    ],
    "orientation": [
        [
            0.6359002590179443,
            0.16902226209640503,
            -0.7530354261398315
        ],
        [
            0.1679181307554245,
            -0.9826495051383972,
            -0.07876185327768326
        ],
        [
            -0.7532824277877808,
            -0.07636361569166183,
            -0.6532489657402039
        ]
    ],
    "pixel_aspect_ratio": 1.0,
    "position": [
        0.5240084528923035,
        0.03159687668085098,
        -0.237517848610878
    ],
    "principal_point": [
        358.8895263671875,
        484.92236328125
    ],
    "radial_distortion": [
        0.0,
        0.0,
        0.0
    ],
    "skew": 0.0,
    "tangential_distortion": [
        0.0,
        0.0
    ]
}