{
    "focal_length": 719.9471435546875,
    "image_size": [
        720,
        960
    ],
    "orientation": [
        [
            0.8251906037330627,
            0.11831877380609512,
            -0.5523234009742737
        ],
        [
            0.14377202093601227,
            -0.9896068572998047,
            0.002806761534884572
        ],
        [
            -0.5462509393692017,
            -0.08172476291656494,
            -0.8336251974105835
        ]
    ],
    "pixel_aspect_ratio": 1.0,
    "position": [
        0.442150741815567,
        0.010427845641970634,
        -0.16164521872997284
    ],
    "principal_point": [
        358.8895263671875,
        484.92236328125
    ],
    "radial_distortion": [
        0.0,
        0.0,
        0.0
    ],
    "skew": 0.0,
    "tangential_distortion": [
        0.0,
        0.0
    ]
}