{
    "focal_length": 719.9471435546875,
    "image_size": [
        720,
        960
    ],
    "orientation": [
        [
            0.9012334942817688,
            0.030146140605211258,
            -0.4322839379310608
        ],
        [
            0.0676087737083435,
            -0.9951427578926086,
            0.07155384123325348
        ],
        [
            -0.4280271530151367,
            -0.09371290355920792,
            -0.8988941311836243
        ]
    ],
    "pixel_aspect_ratio": 1.0,
    "position": [
        0.35626909136772156,
        -0.0034618815407156944,
        -0.09785893559455872
    ],
    "principal_point": [
        358.8895263671875,
        484.92236328125
    ],
    "radial_distortion": [
        0.0,
        0.0,
        0.0
    ],
    "skew": 0.0,
    "tangential_distortion": [
        0.0,
        0.0
    ]
}