{
    "focal_length": 719.9471435546875,
    "image_size": [
        720,
        960
    ],
    "orientation": [
        [
            0.5975221991539001,
            0.16324569284915924,
            -0.7850592732429504
        ],
        [
            0.1084221675992012,
            -0.9865142703056335,
            -0.12261437624692917
        ],
        [
            -0.7944884300231934,
            -0.011853020638227463,
            -0.6071636080741882
        ]
    ],
    "pixel_aspect_ratio": 1.0,
    "position": [
        0.4864054024219513,
        0.026681721210479736,
        -0.19076041877269745
    ],
    "principal_point": [
        358.8895263671875,
        484.92236328125
    ],
    "radial_distortion": [
        0.0,
        0.0,
        0.0
    ],
    "skew": 0.0,
    "tangential_distortion": [
        0.0,
        0.0
    ]
}