{
    "focal_length": 719.9471435546875,
    "image_size": [
        720,
        960
    ],
    "orientation": [
        [
            0.6090896129608154,
            0.17325352132320404,
            -0.7739464044570923
        ],
        [
            0.12384829670190811,
            -0.9846541881561279,
            -0.1229543685913086
        ],
        [
            -0.7833718061447144,
            -0.020961711183190346,
            -0.6211997866630554
        ]
    ],
    "pixel_aspect_ratio": 1.0,
    "position": [
        0.4787794351577759,
        0.027114346623420715,
        -0.184553325176239
    ],
    "principal_point": [
        358.8895263671875,
        484.92236328125
    ],
    "radial_distortion": [
        0.0,
        0.0,
        0.0
    ],
    "skew": 0.0,
    "tangential_distortion": [
        0.0,
        0.0
    ]
}