{
    "focal_length": 719.9471435546875,
    "image_size": [
        720,
        960
    ],
    "orientation": [
        [
            0.9970864653587341,
            0.02540065348148346,
            0.07192646712064743
        ],
        [
            0.026547303423285484,
            -0.999534547328949,
            -0.015030991286039352
        ],
        [
            0.07151118665933609,
            0.016896652057766914,
            -0.9972966909408569
        ]
    ],
    "pixel_aspect_ratio": 1.0,
    "position": [
        0.0036814725026488304,
        0.0027758453506976366,
        0.004563447553664446
    ],
    "principal_point": [
        358.8895263671875,
        484.92236328125
    ],
    "radial_distortion": [
        0.0,
        0.0,
        0.0
    ],
    "skew": 0.0,
    "tangential_distortion": [
        0.0,
        0.0
    ]
}