{
    "focal_length": 719.9471435546875,
    "image_size": [
        720,
        960
    ],
    "orientation": [
        [
            0.8559358716011047,
            0.11128614842891693,
            -0.5049644708633423
        ],
        [
            0.15508748590946198,
            -0.9868573546409607,
            0.04539209604263306
        ],
        [
            -0.4932764172554016,
            -0.11716639995574951,
            -0.8619456887245178
        ]
    ],
    "pixel_aspect_ratio": 1.0,
    "position": [
        0.4204988479614258,
        0.002373563125729561,
        -0.14757978916168213
    ],
    "principal_point": [
        358.8895263671875,
        484.92236328125
    ],
    "radial_distortion": [
        0.0,
        0.0,
        0.0
    ],
    "skew": 0.0,
    "tangential_distortion": [
        0.0,
        0.0
    ]
}