{
    "focal_length": 719.9471435546875,
    "image_size": [
        720,
        960
    ],
    "orientation": [
        [
            0.6680333018302917,
            0.16951201856136322,
            -0.7245669364929199
        ],
        [
            0.1712815761566162,
            -0.9825907349586487,
            -0.07195904105901718
        ],
        [
            -0.7241506576538086,
            -0.07603392750024796,
            -0.6854375600814819
        ]
    ],
    "pixel_aspect_ratio": 1.0,
    "position": [
        0.5313109755516052,
        0.03588099032640457,
        -0.24055448174476624
    ],
    "principal_point": [
        358.8895263671875,
        484.92236328125
    ],
    "radial_distortion": [
        0.0,
        0.0,
        0.0
    ],
    "skew": 0.0,
    "tangential_distortion": [
        0.0,
        0.0
    ]
}