{
    "focal_length": 719.9471435546875,
    "image_size": [
        720,
        960
    ],
    "orientation": [
        [
            0.8390015363693237,
            0.07867170870304108,
            -0.5384117364883423
        ],
        [
            0.112028568983078,
            -0.9932688474655151,
            0.029438409954309464
        ],
        [
            -0.5324715971946716,
            -0.08501636981964111,
            -0.8421675562858582
        ]
    ],
    "pixel_aspect_ratio": 1.0,
    "position": [
        0.3523853123188019,
        0.024342749267816544,
        -0.10996151715517044
    ],
    "principal_point": [
        358.8895263671875,
        484.92236328125
    ],
    "radial_distortion": [
        0.0,
        0.0,
        0.0
    ],
    "skew": 0.0,
    "tangential_distortion": [
        0.0,
        0.0
    ]
}