{
    "focal_length": 719.9471435546875,
    "image_size": [
        720,
        960
    ],
    "orientation": [
        [
            0.8591976165771484,
            0.04462212696671486,
            -0.5096943378448486
        ],
        [
            0.11562417447566986,
            -0.987352728843689,
            0.1084694042801857
        ],
        [
            -0.49840793013572693,
            -0.1521296352148056,
            -0.8534905314445496
        ]
    ],
    "pixel_aspect_ratio": 1.0,
    "position": [
        0.3254694938659668,
        0.0126511724665761,
        -0.09100660681724548
    ],
    "principal_point": [
        358.8895263671875,
        484.92236328125
    ],
    "radial_distortion": [
        0.0,
        0.0,
        0.0
    ],
    "skew": 0.0,
    "tangential_distortion": [
        0.0,
        0.0
    ]
}