{
    "focal_length": 719.9471435546875,
    "image_size": [
        720,
        960
    ],
    "orientation": [
        [
            0.8530613780021667,
            0.11227203160524368,
            -0.5095893144607544
        ],
        [
            0.15501654148101807,
            -0.9870168566703796,
            0.04204215109348297
        ],
        [
            -0.49825310707092285,
            -0.11485930532217026,
            -0.8593900203704834
        ]
    ],
    "pixel_aspect_ratio": 1.0,
    "position": [
        0.41564425826072693,
        0.0023843764793127775,
        -0.14510995149612427
    ],
    "principal_point": [
        358.8895263671875,
        484.92236328125
    ],
    "radial_distortion": [
        0.0,
        0.0,
        0.0
    ],
    "skew": 0.0,
    "tangential_distortion": [
        0.0,
        0.0
    ]
}