{
    "focal_length": 719.9471435546875,
    "image_size": [
        720,
        960
    ],
    "orientation": [
        [
            0.9323274493217468,
            0.05647249519824982,
            -0.35717830061912537
        ],
        [
            0.0941833108663559,
            -0.9915624856948853,
            0.08906946331262589
        ],
        [
            -0.349134624004364,
            -0.11668214201927185,
            -0.9297797083854675
        ]
    ],
    "pixel_aspect_ratio": 1.0,
    "position": [
        0.27587929368019104,
        0.011779751628637314,
        -0.04398031160235405
    ],
    "principal_point": [
        358.8895263671875,
        484.92236328125
    ],
    "radial_distortion": [
        0.0,
        0.0,
        0.0
    ],
    "skew": 0.0,
    "tangential_distortion": [
        0.0,
        0.0
    ]
}