{
    "focal_length": 719.9471435546875,
    "image_size": [
        720,
        960
    ],
    "orientation": [
        [
            0.6360583305358887,
            0.16946423053741455,
            -0.7528025507926941
        ],
        [
            0.16324719786643982,
            -0.9830566644668579,
            -0.08336609601974487
        ],
        [
            -0.7541751265525818,
            -0.06986720114946365,
            -0.6529459953308105
        ]
    ],
    "pixel_aspect_ratio": 1.0,
    "position": [
        0.5269370675086975,
        0.03208214417099953,
        -0.23873022198677063
    ],
    "principal_point": [
        358.8895263671875,
        484.92236328125
    ],
    "radial_distortion": [
        0.0,
        0.0,
        0.0
    ],
    "skew": 0.0,
    "tangential_distortion": [
        0.0,
        0.0
    ]
}