{
    "focal_length": 719.9471435546875,
    "image_size": [
        720,
        960
    ],
    "orientation": [
        [
            0.6975150108337402,
            0.168862447142601,
            -0.6963894367218018
        ],
        [
            0.19810564815998077,
            -0.9794020056724548,
            -0.0390622615814209
        ],
        [
            -0.688641369342804,
            -0.11071217060089111,
            -0.716600239276886
        ]
    ],
    "pixel_aspect_ratio": 1.0,
    "position": [
        0.5183591842651367,
        0.03619387373328209,
        -0.23550580441951752
    ],
    "principal_point": [
        358.8895263671875,
        484.92236328125
    ],
    "radial_distortion": [
        0.0,
        0.0,
        0.0
    ],
    "skew": 0.0,
    "tangential_distortion": [
        0.0,
        0.0
    ]
}