{
    "focal_length": 719.9471435546875,
    "image_size": [
        720,
        960
    ],
    "orientation": [
        [
            0.9944678544998169,
            0.07427946478128433,
            0.07427136600017548
        ],
        [
            0.0719437450170517,
            -0.9968409538269043,
            0.03364783152937889
        ],
        [
            0.07653608918190002,
            -0.028118327260017395,
            -0.9966702461242676
        ]
    ],
    "pixel_aspect_ratio": 1.0,
    "position": [
        -0.011006981134414673,
        0.002398980315774679,
        0.005854835733771324
    ],
    "principal_point": [
        358.8895263671875,
        484.92236328125
    ],
    "radial_distortion": [
        0.0,
        0.0,
        0.0
    ],
    "skew": 0.0,
    "tangential_distortion": [
        0.0,
        0.0
    ]
}