{
    "focal_length": 719.9471435546875,
    "image_size": [
        720,
        960
    ],
    "orientation": [
        [
            0.7017219066619873,
            0.16234435141086578,
            -0.6937078833580017
        ],
        [
            0.1786031723022461,
            -0.9826850295066833,
            -0.04930548369884491
        ],
        [
            -0.6897008419036865,
            -0.08929969370365143,
            -0.7185668349266052
        ]
    ],
    "pixel_aspect_ratio": 1.0,
    "position": [
        0.5184333920478821,
        0.0353739969432354,
        -0.22809238731861115
    ],
    "principal_point": [
        358.8895263671875,
        484.92236328125
    ],
    "radial_distortion": [
        0.0,
        0.0,
        0.0
    ],
    "skew": 0.0,
    "tangential_distortion": [
        0.0,
        0.0
    ]
}