{
    "focal_length": 719.9471435546875,
    "image_size": [
        720,
        960
    ],
    "orientation": [
        [
            0.5965316295623779,
            0.17360137403011322,
            -0.7835895419120789
        ],
        [
            0.1468154489994049,
            -0.9834557771682739,
            -0.10611321777105331
        ],
        [
            -0.7890470623970032,
            -0.05174316465854645,
            -0.6121498346328735
        ]
    ],
    "pixel_aspect_ratio": 1.0,
    "position": [
        0.5100003480911255,
        0.027066897600889206,
        -0.22436551749706268
    ],
    "principal_point": [
        358.8895263671875,
        484.92236328125
    ],
    "radial_distortion": [
        0.0,
        0.0,
        0.0
    ],
    "skew": 0.0,
    "tangential_distortion": [
        0.0,
        0.0
    ]
}