{
    "focal_length": 719.9471435546875,
    "image_size": [
        720,
        960
    ],
    "orientation": [
        [
            0.6816536784172058,
            0.15537197887897491,
            -0.7149879932403564
        ],
        [
            0.1686042696237564,
            -0.9842503070831299,
            -0.0531410314142704
        ],
        [
            -0.7119837403297424,
            -0.08432624489068985,
            -0.6971142292022705
        ]
    ],
    "pixel_aspect_ratio": 1.0,
    "position": [
        0.5330259799957275,
        0.035420820116996765,
        -0.23962894082069397
    ],
    "principal_point": [
        358.8895263671875,
        484.92236328125
    ],
    "radial_distortion": [
        0.0,
        0.0,
        0.0
    ],
    "skew": 0.0,
    "tangential_distortion": [
        0.0,
        0.0
    ]
}