{
    "focal_length": 719.9471435546875,
    "image_size": [
        720,
        960
    ],
    "orientation": [
        [
            0.7660928964614868,
            0.14600639045238495,
            -0.6259263753890991
        ],
        [
            0.15838587284088135,
            -0.9867094159126282,
            -0.036310333758592606
        ],
        [
            -0.6229090094566345,
            -0.07132080942392349,
            -0.7790364027023315
        ]
    ],
    "pixel_aspect_ratio": 1.0,
    "position": [
        0.40421801805496216,
        0.021606173366308212,
        -0.14164073765277863
    ],
    "principal_point": [
        358.8895263671875,
        484.92236328125
    ],
    "radial_distortion": [
        0.0,
        0.0,
        0.0
    ],
    "skew": 0.0,
    "tangential_distortion": [
        0.0,
        0.0
    ]
}