{
    "focal_length": 719.9471435546875,
    "image_size": [
        720,
        960
    ],
    "orientation": [
        [
            0.9593511819839478,
            0.004812473896890879,
            -0.2821740508079529
        ],
        [
            0.022683491930365562,
            -0.9979345202445984,
            0.060100849717855453
        ],
        [
            -0.28130200505256653,
            -0.06405851244926453,
            -0.9574788212776184
        ]
    ],
    "pixel_aspect_ratio": 1.0,
    "position": [
        0.2939634919166565,
        -0.00713356863707304,
        -0.0564705953001976
    ],
    "principal_point": [
        358.8895263671875,
        484.92236328125
    ],
    "radial_distortion": [
        0.0,
        0.0,
        0.0
    ],
    "skew": 0.0,
    "tangential_distortion": [
        0.0,
        0.0
    ]
}