{
    "focal_length": 719.9471435546875,
    "image_size": [
        720,
        960
    ],
    "orientation": [
        [
            0.816677451133728,
            0.13488546013832092,
            -0.5611094832420349
        ],
        [
            0.17091166973114014,
            -0.9852142333984375,
            0.01192037109285593
        ],
        [
            -0.5512051582336426,
            -0.10563525557518005,
            -0.8276557922363281
        ]
    ],
    "pixel_aspect_ratio": 1.0,
    "position": [
        0.3759080469608307,
        0.026233477517962456,
        -0.12601295113563538
    ],
    "principal_point": [
        358.8895263671875,
        484.92236328125
    ],
    "radial_distortion": [
        0.0,
        0.0,
        0.0
    ],
    "skew": 0.0,
    "tangential_distortion": [
        0.0,
        0.0
    ]
}