{
    "focal_length": 719.9471435546875,
    "image_size": [
        720,
        960
    ],
    "orientation": [
        [
            0.632375180721283,
            0.1703210026025772,
            -0.7557065486907959
        ],
        [
            0.1676519364118576,
            -0.9825010895729065,
            -0.081144779920578
        ],
        [
            -0.7563031911849976,
            -0.07538172602653503,
            -0.6498638987541199
        ]
    ],
    "pixel_aspect_ratio": 1.0,
    "position": [
        0.5225962400436401,
        0.031465690582990646,
        -0.236562579870224
    ],
    "principal_point": [
        358.8895263671875,
        484.92236328125
    ],
    "radial_distortion": [
        0.0,
        0.0,
        0.0
    ],
    "skew": 0.0,
    "tangential_distortion": [
        0.0,
        0.0
    ]
}