{
    "focal_length": 719.9471435546875,
    "image_size": [
        720,
        960
    ],
    "orientation": [
        [
            0.5715155005455017,
            0.15691998600959778,
            -0.8054477572441101
        ],
        [
            0.12376183271408081,
            -0.986801028251648,
            -0.10443507879972458
        ],
        [
            -0.8112046718597412,
            -0.03999742493033409,
            -0.5833927989006042
        ]
    ],
    "pixel_aspect_ratio": 1.0,
    "position": [
        0.494124174118042,
        0.024570930749177933,
        -0.20331412553787231
    ],
    "principal_point": [
        358.8895263671875,
        484.92236328125
    ],
    "radial_distortion": [
        0.0,
        0.0,
        0.0
    ],
    "skew": 0.0,
    "tangential_distortion": [
        0.0,
        0.0
    ]
}