{
    "focal_length": 719.9471435546875,
    "image_size": [
        720,
        960
    ],
    "orientation": [
        [
            0.6869136095046997,
            0.15963658690452576,
            -0.7089893221855164
        ],
        [
            0.14908260107040405,
            -0.9857815504074097,
            -0.07751870155334473
        ],
        [
            -0.7112833857536316,
            -0.05244931951165199,
            -0.7009457945823669
        ]
    ],
    "pixel_aspect_ratio": 1.0,
    "position": [
        0.5328693389892578,
        0.0353969968855381,
        -0.23504281044006348
    ],
    "principal_point": [
        358.8895263671875,
        484.92236328125
    ],
    "radial_distortion": [
        0.0,
        0.0,
        0.0
    ],
    "skew": 0.0,
    "tangential_distortion": [
        0.0,
        0.0
    ]
}