{
    "focal_length": 719.9471435546875,
    "image_size": [
        720,
        960
    ],
    "orientation": [
        [
            0.5469827651977539,
            0.17623212933540344,
            -0.8183838129043579
        ],
        [
            0.14239157736301422,
            -0.9829310178756714,
            -0.11649581789970398
        ],
        [
            -0.8249451518058777,
            -0.052809759974479675,
            -0.5627402663230896
        ]
    ],
    "pixel_aspect_ratio": 1.0,
    "position": [
        0.5022565126419067,
        0.024663791060447693,
        -0.2187376767396927
    ],
    "principal_point": [
        358.8895263671875,
        484.92236328125
    ],
    "radial_distortion": [
        0.0,
        0.0,
        0.0
    ],
    "skew": 0.0,
    "tangential_distortion": [
        0.0,
        0.0
    ]
}