{
    "focal_length": 719.9471435546875,
    "image_size": [
        720,
        960
    ],
    "orientation": [
        [
            0.6438050866127014,
            0.17894479632377625,
            -0.7439716458320618
        ],
        [
            0.16172565519809723,
            -0.9821281433105469,
            -0.0962764248251915
        ],
        [
            -0.7479036450386047,
            -0.058336041867733,
            -0.6612390279769897
        ]
    ],
    "pixel_aspect_ratio": 1.0,
    "position": [
        0.45859816670417786,
        0.02521822787821293,
        -0.17464418709278107
    ],
    "principal_point": [
        358.8895263671875,
        484.92236328125
    ],
    "radial_distortion": [
        0.0,
        0.0,
        0.0
    ],
    "skew": 0.0,
    "tangential_distortion": [
        0.0,
        0.0
    ]
}