{
    "focal_length": 719.9471435546875,
    "image_size": [
        720,
        960
    ],
    "orientation": [
        [
            0.8279232978820801,
            0.0901942029595375,
            -0.553541362285614
        ],
        [
            0.11919175833463669,
            -0.9927338361740112,
            0.01651690900325775
        ],
        [
            -0.5480295419692993,
            -0.07965230196714401,
            -0.8326578736305237
        ]
    ],
    "pixel_aspect_ratio": 1.0,
    "position": [
        0.3552938401699066,
        0.026337143033742905,
        -0.11243131756782532
    ],
    "principal_point": [
        358.8895263671875,
        484.92236328125
    ],
    "radial_distortion": [
        0.0,
        0.0,
        0.0
    ],
    "skew": 0.0,
    "tangential_distortion": [
        0.0,
        0.0
    ]
}