{
    "focal_length": 719.9471435546875,
    "image_size": [
        720,
        960
    ],
    "orientation": [
        [
            0.7172729969024658,
            0.1588030606508255,
            -0.6784548759460449
        ],
        [
            0.17235060036182404,
            -0.9838617444038391,
            -0.04807663336396217
        ],
        [
            -0.6751405000686646,
            -0.08244803547859192,
            -0.7330672740936279
        ]
    ],
    "pixel_aspect_ratio": 1.0,
    "position": [
        0.5112977027893066,
        0.03060312196612358,
        -0.2158118337392807
    ],
    "principal_point": [
        358.8895263671875,
        484.92236328125
    ],
    "radial_distortion": [
        0.0,
        0.0,
        0.0
    ],
    "skew": 0.0,
    "tangential_distortion": [
        0.0,
        0.0
    ]
}