{
    "focal_length": 719.9471435546875,
    "image_size": [
        720,
        960
    ],
    "orientation": [
        [
            0.892716109752655,
            0.06834451109170914,
            -0.44540658593177795
        ],
        [
            0.12386086583137512,
            -0.9875752329826355,
            0.09671443700790405
        ],
        [
            -0.43326258659362793,
            -0.14150698482990265,
            -0.8900895118713379
        ]
    ],
    "pixel_aspect_ratio": 1.0,
    "position": [
        0.30978924036026,
        0.013674476183950901,
        -0.05943658575415611
    ],
    "principal_point": [
        358.8895263671875,
        484.92236328125
    ],
    "radial_distortion": [
        0.0,
        0.0,
        0.0
    ],
    "skew": 0.0,
    "tangential_distortion": [
        0.0,
        0.0
    ]
}