{
    "focal_length": 719.9471435546875,
    "image_size": [
        720,
        960
    ],
    "orientation": [
        [
            0.6247614622116089,
            0.17525644600391388,
            -0.7608931064605713
        ],
        [
            0.16314393281936646,
            -0.9822760820388794,
            -0.09229177236557007
        ],
        [
            -0.7635818123817444,
            -0.06647474318742752,
            -0.6422802805900574
        ]
    ],
    "pixel_aspect_ratio": 1.0,
    "position": [
        0.5192449688911438,
        0.030592776834964752,
        -0.23292703926563263
    ],
    "principal_point": [
        358.8895263671875,
        484.92236328125
    ],
    "radial_distortion": [
        0.0,
        0.0,
        0.0
    ],
    "skew": 0.0,
    "tangential_distortion": [
        0.0,
        0.0
    ]
}