{
    "focal_length": 719.9471435546875,
    "image_size": [
        720,
        960
    ],
    "orientation": [
        [
            0.8789336681365967,
            0.06882251799106598,
            -0.471952348947525
        ],
        [
            0.09759801626205444,
            -0.9945479035377502,
            0.03673017397522926
        ],
        [
            -0.4668513536453247,
            -0.07834500074386597,
            -0.8808586001396179
        ]
    ],
    "pixel_aspect_ratio": 1.0,
    "position": [
        0.36720654368400574,
        0.0003247261047363281,
        -0.10529521107673645
    ],
    "principal_point": [
        358.8895263671875,
        484.92236328125
    ],
    "radial_distortion": [
        0.0,
        0.0,
        0.0
    ],
    "skew": 0.0,
    "tangential_distortion": [
        0.0,
        0.0
    ]
}