{
    "focal_length": 719.9471435546875,
    "image_size": [
        720,
        960
    ],
    "orientation": [
        [
            0.8526087999343872,
            0.05614308640360832,
            -0.5195249319076538
        ],
        [
            0.11277520656585693,
            -0.9905515909194946,
            0.07803381234407425
        ],
        [
            -0.5102351903915405,
            -0.1251218467950821,
            -0.8508845567703247
        ]
    ],
    "pixel_aspect_ratio": 1.0,
    "position": [
        0.3326008915901184,
        0.014656650833785534,
        -0.09807617962360382
    ],
    "principal_point": [
        358.8895263671875,
        484.92236328125
    ],
    "radial_distortion": [
        0.0,
        0.0,
        0.0
    ],
    "skew": 0.0,
    "tangential_distortion": [
        0.0,
        0.0
    ]
}