{
    "focal_length": 719.9471435546875,
    "image_size": [
        720,
        960
    ],
    "orientation": [
        [
            0.9709668159484863,
            -0.014424340799450874,
            -0.23877903819084167
        ],
        [
            0.004312452394515276,
            -0.9969626665115356,
            0.07776133716106415
        ],
        [
            -0.2391754388809204,
            -0.07653339952230453,
            -0.967955470085144
        ]
    ],
    "pixel_aspect_ratio": 1.0,
    "position": [
        0.2534363269805908,
        -0.013301853090524673,
        -0.0429660901427269
    ],
    "principal_point": [
        358.8895263671875,
        484.92236328125
    ],
    "radial_distortion": [
        0.0,
        0.0,
        0.0
    ],
    "skew": 0.0,
    "tangential_distortion": [
        0.0,
        0.0
    ]
}