{
    "focal_length": 719.9471435546875,
    "image_size": [
        720,
        960
    ],
    "orientation": [
        [
            0.9159011244773865,
            0.02737019583582878,
            -0.40046975016593933
        ],
        [
            0.059593673795461655,
            -0.9958881139755249,
            0.0682305246591568
        ],
        [
            -0.39695557951927185,
            -0.08635787665843964,
            -0.9137661457061768
        ]
    ],
    "pixel_aspect_ratio": 1.0,
    "position": [
        0.33561763167381287,
        -0.004922669380903244,
        -0.08595046401023865
    ],
    "principal_point": [
        358.8895263671875,
        484.92236328125
    ],
    "radial_distortion": [
        0.0,
        0.0,
        0.0
    ],
    "skew": 0.0,
    "tangential_distortion": [
        0.0,
        0.0
    ]
}