{
    "focal_length": 719.9471435546875,
    "image_size": [
        720,
        960
    ],
    "orientation": [
        [
            0.9833919405937195,
            0.10294587910175323,
            -0.14947400987148285
        ],
        [
            0.1104842871427536,
            -0.9929466247558594,
            0.0430147647857666
        ],
        [
            -0.14399152994155884,
            -0.05881490185856819,
            -0.9878295660018921
        ]
    ],
    "pixel_aspect_ratio": 1.0,
    "position": [
        0.15001273155212402,
        0.015621332451701164,
        -0.0678723156452179
    ],
    "principal_point": [
        358.8895263671875,
        484.92236328125
    ],
    "radial_distortion": [
        0.0,
        0.0,
        0.0
    ],
    "skew": 0.0,
    "tangential_distortion": [
        0.0,
        0.0
    ]
}