{
    "focal_length": 719.9471435546875,
    "image_size": [
        720,
        960
    ],
    "orientation": [
        [
            0.9966260194778442,
            0.03884149715304375,
            0.07230464369058609
        ],
        [
            0.04171477630734444,
            -0.9983812570571899,
            -0.03866151347756386
        ],
        [
            0.07068593055009842,
            0.04154724255204201,
            -0.996632993221283
        ]
    ],
    "pixel_aspect_ratio": 1.0,
    "position": [
        -0.0055536264553666115,
        0.0006966096116229892,
        0.011989959515631199
    ],
    "principal_point": [
        358.8895263671875,
        484.92236328125
    ],
    "radial_distortion": [
        0.0,
        0.0,
        0.0
    ],
    "skew": 0.0,
    "tangential_distortion": [
        0.0,
        0.0
    ]
}