{
    "focal_length": 719.9471435546875,
    "image_size": [
        720,
        960
    ],
    "orientation": [
        [
            0.9966771602630615,
            0.02068105898797512,
            0.07878406345844269
        ],
        [
            0.025230394676327705,
            -0.9980442523956299,
            -0.05719362944364548
        ],
        [
            0.07744715362787247,
            0.058991335332393646,
            -0.9952496886253357
        ]
    ],
    "pixel_aspect_ratio": 1.0,
    "position": [
        -0.00296986848115921,
        -0.0006621521897614002,
        0.012203671038150787
    ],
    "principal_point": [
        358.8895263671875,
        484.92236328125
    ],
    "radial_distortion": [
        0.0,
        0.0,
        0.0
    ],
    "skew": 0.0,
    "tangential_distortion": [
        0.0,
        0.0
    ]
}