{
    "focal_length": 719.9471435546875,
    "image_size": [
        720,
        960
    ],
    "orientation": [
        [
            0.9016644954681396,
            0.028094599023461342,
            -0.4315227270126343
        ],
        [
            0.060265108942985535,
            -0.996313214302063,
            0.061057936400175095
        ],
        [
            -0.42821642756462097,
            -0.0810595378279686,
            -0.9000333547592163
        ]
    ],
    "pixel_aspect_ratio": 1.0,
    "position": [
        0.34722989797592163,
        -0.0041517214849591255,
        -0.09191866964101791
    ],
    "principal_point": [
        358.8895263671875,
        484.92236328125
    ],
    "radial_distortion": [
        0.0,
        0.0,
        0.0
    ],
    "skew": 0.0,
    "tangential_distortion": [
        0.0,
        0.0
    ]
}