{
    "focal_length": 719.9471435546875,
    "image_size": [
        720,
        960
    ],
    "orientation": [
        [
            0.7764390707015991,
            0.13652369379997253,
            -0.6152265071868896
        ],
        [
            0.15744630992412567,
            -0.9873170256614685,
            -0.020390374585986137
        ],
        [
            -0.6102073788642883,
            -0.08103326708078384,
            -0.7880866527557373
        ]
    ],
    "pixel_aspect_ratio": 1.0,
    "position": [
        0.4761725068092346,
        0.020730048418045044,
        -0.19070221483707428
    ],
    "principal_point": [
        358.8895263671875,
        484.92236328125
    ],
    "radial_distortion": [
        0.0,
        0.0,
        0.0
    ],
    "skew": 0.0,
    "tangential_distortion": [
        0.0,
        0.0
    ]
}