{
    "focal_length": 719.9471435546875,
    "image_size": [
        720,
        960
    ],
    "orientation": [
        [
            0.997447669506073,
            0.04823346808552742,
            0.05264618247747421
        ],
        [
            0.04920639470219612,
            -0.9986380338668823,
            -0.017342733219265938
        ],
        [
            0.05173798277974129,
            0.019888998940587044,
            -0.9984626173973083
        ]
    ],
    "pixel_aspect_ratio": 1.0,
    "position": [
        0.0043721869587898254,
        0.0046784961596131325,
        0.0023421812802553177
    ],
    "principal_point": [
        358.8895263671875,
        484.92236328125
    ],
    "radial_distortion": [
        0.0,
        0.0,
        0.0
    ],
    "skew": 0.0,
    "tangential_distortion": [
        0.0,
        0.0
    ]
}