{
    "focal_length": 719.9471435546875,
    "image_size": [
        720,
        960
    ],
    "orientation": [
        [
            0.8568171262741089,
            0.1077231615781784,
            -0.5042421221733093
        ],
        [
            0.14739574491977692,
            -0.9882955551147461,
            0.03932411968708038
        ],
        [
            -0.4941041171550751,
            -0.1080167219042778,
            -0.8626664876937866
        ]
    ],
    "pixel_aspect_ratio": 1.0,
    "position": [
        0.38327956199645996,
        0.003637447953224182,
        -0.12463052570819855
    ],
    "principal_point": [
        358.8895263671875,
        484.92236328125
    ],
    "radial_distortion": [
        0.0,
        0.0,
        0.0
    ],
    "skew": 0.0,
    "tangential_distortion": [
        0.0,
        0.0
    ]
}