{
    "focal_length": 719.9471435546875,
    "image_size": [
        720,
        960
    ],
    "orientation": [
        [
            0.9019808173179626,
            0.05812617763876915,
            -0.4278457462787628
        ],
        [
            0.12209074199199677,
            -0.984792947769165,
            0.12359888851642609
        ],
        [
            -0.41415515542030334,
            -0.16371983289718628,
            -0.8953610062599182
        ]
    ],
    "pixel_aspect_ratio": 1.0,
    "position": [
        0.29827746748924255,
        0.012485678307712078,
        -0.04663882777094841
    ],
    "principal_point": [
        358.8895263671875,
        484.92236328125
    ],
    "radial_distortion": [
        0.0,
        0.0,
        0.0
    ],
    "skew": 0.0,
    "tangential_distortion": [
        0.0,
        0.0
    ]
}