{
    "focal_length": 719.9471435546875,
    "image_size": [
        720,
        960
    ],
    "orientation": [
        [
            0.7811009883880615,
            0.1318940371274948,
            -0.6103156208992004
        ],
        [
            0.1515568643808365,
            -0.9882541298866272,
            -0.019602328538894653
        ],
        [
            -0.6057323813438416,
            -0.07718612998723984,
            -0.791915774345398
        ]
    ],
    "pixel_aspect_ratio": 1.0,
    "position": [
        0.47349613904953003,
        0.02026175707578659,
        -0.18821749091148376
    ],
    "principal_point": [
        358.8895263671875,
        484.92236328125
    ],
    "radial_distortion": [
        0.0,
        0.0,
        0.0
    ],
    "skew": 0.0,
    "tangential_distortion": [
        0.0,
        0.0
    ]
}