{
    "focal_length": 719.9471435546875,
    "image_size": [
        720,
        960
    ],
    "orientation": [
        [
            0.7746365666389465,
            0.15411807596683502,
            -0.613339900970459
        ],
        [
            0.16446271538734436,
            -0.9855744242668152,
            -0.03993871062994003
        ],
        [
            -0.6106473803520203,
            -0.06993355602025986,
            -0.7888086438179016
        ]
    ],
    "pixel_aspect_ratio": 1.0,
    "position": [
        0.39941805601119995,
        0.02280278503894806,
        -0.13767075538635254
    ],
    "principal_point": [
        358.8895263671875,
        484.92236328125
    ],
    "radial_distortion": [
        0.0,
        0.0,
        0.0
    ],
    "skew": 0.0,
    "tangential_distortion": [
        0.0,
        0.0
    ]
}