{
    "focal_length": 719.9471435546875,
    "image_size": [
        720,
        960
    ],
    "orientation": [
        [
            0.8927198052406311,
            0.0581541545689106,
            -0.44684386253356934
        ],
        [
            0.12624244391918182,
            -0.9842033982276917,
            0.12412304431200027
        ],
        [
            -0.43256697058677673,
            -0.16721776127815247,
            -0.8859593868255615
        ]
    ],
    "pixel_aspect_ratio": 1.0,
    "position": [
        0.3007774353027344,
        0.012718252837657928,
        -0.04802200570702553
    ],
    "principal_point": [
        358.8895263671875,
        484.92236328125
    ],
    "radial_distortion": [
        0.0,
        0.0,
        0.0
    ],
    "skew": 0.0,
    "tangential_distortion": [
        0.0,
        0.0
    ]
}