{
    "focal_length": 719.9471435546875,
    "image_size": [
        720,
        960
    ],
    "orientation": [
        [
            0.929242730140686,
            0.07083602994680405,
            -0.36261579394340515
        ],
        [
            0.09995905309915543,
            -0.9930475950241089,
            0.06216682866215706
        ],
        [
            -0.3556911051273346,
            -0.09401480853557587,
            -0.929862916469574
        ]
    ],
    "pixel_aspect_ratio": 1.0,
    "position": [
        0.2423611283302307,
        0.00701895309612155,
        -0.048584140837192535
    ],
    "principal_point": [
        358.8895263671875,
        484.92236328125
    ],
    "radial_distortion": [
        0.0,
        0.0,
        0.0
    ],
    "skew": 0.0,
    "tangential_distortion": [
        0.0,
        0.0
    ]
}