{
    "focal_length": 719.9471435546875,
    "image_size": [
        720,
        960
    ],
    "orientation": [
        [
            0.7503954172134399,
            0.14212068915367126,
            -0.645529568195343
        ],
        [
            0.15857064723968506,
            -0.9867985248565674,
            -0.032924581319093704
        ],
        [
            -0.6416869163513184,
            -0.07765559107065201,
            -0.7630252838134766
        ]
    ],
    "pixel_aspect_ratio": 1.0,
    "position": [
        0.41330763697624207,
        0.020195243880152702,
        -0.14988571405410767
    ],
    "principal_point": [
        358.8895263671875,
        484.92236328125
    ],
    "radial_distortion": [
        0.0,
        0.0,
        0.0
    ],
    "skew": 0.0,
    "tangential_distortion": [
        0.0,
        0.0
    ]
}