{
    "focal_length": 719.9471435546875,
    "image_size": [
        720,
        960
    ],
    "orientation": [
        [
            0.6766009330749512,
            0.18173526227474213,
            -0.7135708928108215
        ],
        [
            0.18482589721679688,
            -0.9799563884735107,
            -0.07432933896780014
        ],
        [
            -0.7127766013145447,
            -0.08159508556127548,
            -0.6966288089752197
        ]
    ],
    "pixel_aspect_ratio": 1.0,
    "position": [
        0.44331884384155273,
        0.023381762206554413,
        -0.1687009185552597
    ],
    "principal_point": [
        358.8895263671875,
        484.92236328125
    ],
    "radial_distortion": [
        0.0,
        0.0,
        0.0
    ],
    "skew": 0.0,
    "tangential_distortion": [
        0.0,
        0.0
    ]
}