{
    "focal_length": 719.9471435546875,
    "image_size": [
        720,
        960
    ],
    "orientation": [
        [
            0.990406334400177,
            0.12878945469856262,
            -0.05008519068360329
        ],
        [
            0.12705422937870026,
            -0.9912267923355103,
            -0.03642289340496063
        ],
        [
            -0.05433667078614235,
            0.02970993146300316,
            -0.9980805516242981
        ]
    ],
    "pixel_aspect_ratio": 1.0,
    "position": [
        0.08079586178064346,
        0.011799829080700874,
        -0.03494318947196007
    ],
    "principal_point": [
        358.8895263671875,
        484.92236328125
    ],
    "radial_distortion": [
        0.0,
        0.0,
        0.0
    ],
    "skew": 0.0,
    "tangential_distortion": [
        0.0,
        0.0
    ]
}