{
    "focal_length": 719.9471435546875,
    "image_size": [
        720,
        960
    ],
    "orientation": [
        [
            0.9644482731819153,
            -0.0005261459737084806,
            -0.264271080493927
        ],
        [
            0.02230987325310707,
            -0.9962661862373352,
            0.083402618765831
        ],
        [
            -0.2633282244205475,
            -0.08633337169885635,
            -0.9608354568481445
        ]
    ],
    "pixel_aspect_ratio": 1.0,
    "position": [
        0.2847999632358551,
        -0.007994300685822964,
        -0.05407477542757988
    ],
    "principal_point": [
        358.8895263671875,
        484.92236328125
    ],
    "radial_distortion": [
        0.0,
        0.0,
        0.0
    ],
    "skew": 0.0,
    "tangential_distortion": [
        0.0,
        0.0
    ]
}