{
    "focal_length": 719.9471435546875,
    "image_size": [
        720,
        960
    ],
    "orientation": [
        [
            0.5820999145507812,
            0.15604645013809204,
            -0.7980032563209534
        ],
        [
            0.10403086245059967,
            -0.987639307975769,
            -0.117244191467762
        ],
        [
            -0.8064348697662354,
            -0.014769129455089569,
            -0.5911384224891663
        ]
    ],
    "pixel_aspect_ratio": 1.0,
    "position": [
        0.49153023958206177,
        0.02561013400554657,
        -0.1974370926618576
    ],
    "principal_point": [
        358.8895263671875,
        484.92236328125
    ],
    "radial_distortion": [
        0.0,
        0.0,
        0.0
    ],
    "skew": 0.0,
    "tangential_distortion": [
        0.0,
        0.0
    ]
}