{
    "focal_length": 719.9471435546875,
    "image_size": [
        720,
        960
    ],
    "orientation": [
        [
            0.9298712611198425,
            0.014847001992166042,
            -0.36758530139923096
        ],
        [
            0.04530427232384682,
            -0.9962012767791748,
            0.07436788082122803
        ],
        [
            -0.36508479714393616,
            -0.085805743932724,
            -0.9270115494728088
        ]
    ],
    "pixel_aspect_ratio": 1.0,
    "position": [
        0.32498130202293396,
        -0.0071412865072488785,
        -0.07964769750833511
    ],
    "principal_point": [
        358.8895263671875,
        484.92236328125
    ],
    "radial_distortion": [
        0.0,
        0.0,
        0.0
    ],
    "skew": 0.0,
    "tangential_distortion": [
        0.0,
        0.0
    ]
}