{
    "focal_length": 719.9471435546875,
    "image_size": [
        720,
        960
    ],
    "orientation": [
        [
            0.9981128573417664,
            0.016995131969451904,
            0.05900781974196434
        ],
        [
            0.01829688809812069,
            -0.9995994567871094,
            -0.021590936928987503
        ],
        [
            0.0586172416806221,
            0.02262985147535801,
            -0.9980239868164062
        ]
    ],
    "pixel_aspect_ratio": 1.0,
    "position": [
        0.009600087068974972,
        0.007211401592940092,
        -0.0016631737817078829
    ],
    "principal_point": [
        358.8895263671875,
        484.92236328125
    ],
    "radial_distortion": [
        0.0,
        0.0,
        0.0
    ],
    "skew": 0.0,
    "tangential_distortion": [
        0.0,
        0.0
    ]
}