{
    "focal_length": 719.9471435546875,
    "image_size": [
        720,
        960
    ],
    "orientation": [
        [
            0.8586591482162476,
            0.10892923176288605,
            -0.5008382201194763
        ],
        [
            0.1503976583480835,
            -0.9876886010169983,
            0.04303218796849251
        ],
        [
            -0.48998475074768066,
            -0.11227487772703171,
            -0.8644705414772034
        ]
    ],
    "pixel_aspect_ratio": 1.0,
    "position": [
        0.3867514133453369,
        0.00340292789041996,
        -0.1271863430738449
    ],
    "principal_point": [
        358.8895263671875,
        484.92236328125
    ],
    "radial_distortion": [
        0.0,
        0.0,
        0.0
    ],
    "skew": 0.0,
    "tangential_distortion": [
        0.0,
        0.0
    ]
}