{
    "focal_length": 719.9471435546875,
    "image_size": [
        720,
        960
    ],
    "orientation": [
        [
            0.7709418535232544,
            0.14457044005393982,
            -0.6202806234359741
        ],
        [
            0.16783340275287628,
            -0.9855892062187195,
            -0.02111509069800377
        ],
        [
            -0.61439448595047,
            -0.08782529830932617,
            -0.7840957045555115
        ]
    ],
    "pixel_aspect_ratio": 1.0,
    "position": [
        0.4815624952316284,
        0.021603163331747055,
        -0.1956777572631836
    ],
    "principal_point": [
        358.8895263671875,
        484.92236328125
    ],
    "radial_distortion": [
        0.0,
        0.0,
        0.0
    ],
    "skew": 0.0,
    "tangential_distortion": [
        0.0,
        0.0
    ]
}