{
    "focal_length": 719.9471435546875,
    "image_size": [
        720,
        960
    ],
    "orientation": [
        [
            0.9744057059288025,
            -0.044001586735248566,
            -0.22044822573661804
        ],
        [
            -0.02196223847568035,
            -0.9945985078811646,
            0.10144688189029694
        ],
        [
            -0.22372129559516907,
            -0.09400888532400131,
            -0.9701088070869446
        ]
    ],
    "pixel_aspect_ratio": 1.0,
    "position": [
        0.23771150410175323,
        -0.01559600979089737,
        -0.043956074863672256
    ],
    "principal_point": [
        358.8895263671875,
        484.92236328125
    ],
    "radial_distortion": [
        0.0,
        0.0,
        0.0
    ],
    "skew": 0.0,
    "tangential_distortion": [
        0.0,
        0.0
    ]
}