{
    "focal_length": 719.9471435546875,
    "image_size": [
        720,
        960
    ],
    "orientation": [
        [
            0.5987192392349243,
            0.1673169732093811,
            -0.7832881212234497
        ],
        [
            0.11353922635316849,
            -0.9857917428016663,
            -0.12378787249326706
        ],
        [
            -0.7928707599639893,
            -0.014819742180407047,
            -0.6092095375061035
        ]
    ],
    "pixel_aspect_ratio": 1.0,
    "position": [
        0.48308104276657104,
        0.026884309947490692,
        -0.18766029179096222
    ],
    "principal_point": [
        358.8895263671875,
        484.92236328125
    ],
    "radial_distortion": [
        0.0,
        0.0,
        0.0
    ],
    "skew": 0.0,
    "tangential_distortion": [
        0.0,
        0.0
    ]
}