{
    "focal_length": 719.9471435546875,
    "image_size": [
        720,
        960
    ],
    "orientation": [
        [
            0.956068754196167,
            0.004809231963008642,
            -0.2931031584739685
        ],
        [
            0.022015446797013283,
            -0.9982196688652039,
            0.05543307960033417
        ],
        [
            -0.292314738035202,
            -0.059450630098581314,
            -0.9544724822044373
        ]
    ],
    "pixel_aspect_ratio": 1.0,
    "position": [
        0.29850277304649353,
        -0.006983270402997732,
        -0.058577582240104675
    ],
    "principal_point": [
        358.8895263671875,
        484.92236328125
    ],
    "radial_distortion": [
        0.0,
        0.0,
        0.0
    ],
    "skew": 0.0,
    "tangential_distortion": [
        0.0,
        0.0
    ]
}