{
    "focal_length": 719.9471435546875,
    "image_size": [
        720,
        960
    ],
    "orientation": [
        [
            0.6975219249725342,
            0.17145250737667084,
            -0.6957494020462036
        ],
        [
            0.17685732245445251,
            -0.9821068644523621,
            -0.06471128016710281
        ],
        [
            -0.6943951845169067,
            -0.07791084051132202,
            -0.7153636813163757
        ]
    ],
    "pixel_aspect_ratio": 1.0,
    "position": [
        0.43056365847587585,
        0.02117888629436493,
        -0.1626731902360916
    ],
    "principal_point": [
        358.8895263671875,
        484.92236328125
    ],
    "radial_distortion": [
        0.0,
        0.0,
        0.0
    ],
    "skew": 0.0,
    "tangential_distortion": [
        0.0,
        0.0
    ]
}