{
    "focal_length": 719.9471435546875,
    "image_size": [
        720,
        960
    ],
    "orientation": [
        [
            0.694122314453125,
            0.16649147868156433,
            -0.7003390789031982
        ],
        [
            0.19334645569324493,
            -0.9802564382553101,
            -0.041406020522117615
        ],
        [
            -0.6934056282043457,
            -0.10666724294424057,
            -0.7126083970069885
        ]
    ],
    "pixel_aspect_ratio": 1.0,
    "position": [
        0.5215900540351868,
        0.035995934158563614,
        -0.2381111979484558
    ],
    "principal_point": [
        358.8895263671875,
        484.92236328125
    ],
    "radial_distortion": [
        0.0,
        0.0,
        0.0
    ],
    "skew": 0.0,
    "tangential_distortion": [
        0.0,
        0.0
    ]
}