{
    "focal_length": 719.9471435546875,
    "image_size": [
        720,
        960
    ],
    "orientation": [
        [
            0.8602032661437988,
            0.10372104495763779,
            -0.4992917478084564
        ],
        [
            0.14148497581481934,
            -0.9892005920410156,
            0.03826403245329857
        ],
        [
            -0.4899309277534485,
            -0.10355712473392487,
            -0.8655886054039001
        ]
    ],
    "pixel_aspect_ratio": 1.0,
    "position": [
        0.3805983066558838,
        0.0031042108312249184,
        -0.12171421945095062
    ],
    "principal_point": [
        358.8895263671875,
        484.92236328125
    ],
    "radial_distortion": [
        0.0,
        0.0,
        0.0
    ],
    "skew": 0.0,
    "tangential_distortion": [
        0.0,
        0.0
    ]
}