{
    "focal_length": 719.9471435546875,
    "image_size": [
        720,
        960
    ],
    "orientation": [
        [
            0.9598936438560486,
            -0.005635550245642662,
            -0.28030771017074585
        ],
        [
            0.029482809826731682,
            -0.9922255277633667,
            0.12091033905744553
        ],
        [
            -0.2788098454475403,
            -0.12432532757520676,
            -0.9522648453712463
        ]
    ],
    "pixel_aspect_ratio": 1.0,
    "position": [
        0.2609759271144867,
        -0.011678820475935936,
        -0.04826043173670769
    ],
    "principal_point": [
        358.8895263671875,
        484.92236328125
    ],
    "radial_distortion": [
        0.0,
        0.0,
        0.0
    ],
    "skew": 0.0,
    "tangential_distortion": [
        0.0,
        0.0
    ]
}