{
    "focal_length": 719.9471435546875,
    "image_size": [
        720,
        960
    ],
    "orientation": [
        [
            0.6169349551200867,
            0.17102771997451782,
            -0.7682061791419983
        ],
        [
            0.16848066449165344,
            -0.9821738600730896,
            -0.08335957676172256
        ],
        [
            -0.768768846988678,
            -0.07800045609474182,
            -0.6347522139549255
        ]
    ],
    "pixel_aspect_ratio": 1.0,
    "position": [
        0.5153317451477051,
        0.029746253043413162,
        -0.23161426186561584
    ],
    "principal_point": [
        358.8895263671875,
        484.92236328125
    ],
    "radial_distortion": [
        0.0,
        0.0,
        0.0
    ],
    "skew": 0.0,
    "tangential_distortion": [
        0.0,
        0.0
    ]
}