{
    "focal_length": 719.9471435546875,
    "image_size": [
        720,
        960
    ],
    "orientation": [
        [
            0.6189450621604919,
            0.17628541588783264,
            -0.7653956413269043
        ],
        [
            0.13393551111221313,
            -0.9839032292366028,
            -0.11830361187458038
        ],
        [
            -0.7739304304122925,
            -0.02929021790623665,
            -0.6325929164886475
        ]
    ],
    "pixel_aspect_ratio": 1.0,
    "position": [
        0.4741033911705017,
        0.027094915509223938,
        -0.18162040412425995
    ],
    "principal_point": [
        358.8895263671875,
        484.92236328125
    ],
    "radial_distortion": [
        0.0,
        0.0,
        0.0
    ],
    "skew": 0.0,
    "tangential_distortion": [
        0.0,
        0.0
    ]
}