{
    "focal_length": 719.9471435546875,
    "image_size": [
        720,
        960
    ],
    "orientation": [
        [
            0.7244680523872375,
            0.158575639128685,
            -0.6708202362060547
        ],
        [
            0.17319853603839874,
            -0.983834445476532,
            -0.04551944136619568
        ],
        [
            -0.6671943068504333,
            -0.08320770412683487,
            -0.7402217388153076
        ]
    ],
    "pixel_aspect_ratio": 1.0,
    "position": [
        0.4233894944190979,
        0.01974685862660408,
        -0.15821295976638794
    ],
    "principal_point": [
        358.8895263671875,
        484.92236328125
    ],
    "radial_distortion": [
        0.0,
        0.0,
        0.0
    ],
    "skew": 0.0,
    "tangential_distortion": [
        0.0,
        0.0
    ]
}