{
    "focal_length": 719.9471435546875,
    "image_size": [
        720,
        960
    ],
    "orientation": [
        [
            0.9995908737182617,
            0.02751896157860756,
            0.007798789069056511
        ],
        [
            0.027185214683413506,
            -0.9988265633583069,
            0.040080342441797256
        ],
        [
            0.008892606943845749,
            -0.03985192999243736,
            -0.9991660118103027
        ]
    ],
    "pixel_aspect_ratio": 1.0,
    "position": [
        -0.004695518873631954,
        -0.0002133435191353783,
        0.0014039792586117983
    ],
    "principal_point": [
        358.8895263671875,
        484.92236328125
    ],
    "radial_distortion": [
        0.0,
        0.0,
        0.0
    ],
    "skew": 0.0,
    "tangential_distortion": [
        0.0,
        0.0
    ]
}