{
    "focal_length": 719.9471435546875,
    "image_size": [
        720,
        960
    ],
    "orientation": [
        [
            0.8052579164505005,
            0.1454077661037445,
            -0.5748184323310852
        ],
        [
            0.17348618805408478,
            -0.9848175048828125,
            -0.0060871196910738945
        ],
        [
            -0.5669763684272766,
            -0.09482135623693466,
            -0.8182583451271057
        ]
    ],
    "pixel_aspect_ratio": 1.0,
    "position": [
        0.3836413025856018,
        0.024929415434598923,
        -0.12924206256866455
    ],
    "principal_point": [
        358.8895263671875,
        484.92236328125
    ],
    "radial_distortion": [
        0.0,
        0.0,
        0.0
    ],
    "skew": 0.0,
    "tangential_distortion": [
        0.0,
        0.0
    ]
}