{
    "focal_length": 719.9471435546875,
    "image_size": [
        720,
        960
    ],
    "orientation": [
        [
            0.9911007285118103,
            0.12884661555290222,
            -0.03343408182263374
        ],
        [
            0.12820501625537872,
            -0.991532027721405,
            -0.020681297406554222
        ],
        [
            -0.03581567853689194,
            0.016210831701755524,
            -0.9992269277572632
        ]
    ],
    "pixel_aspect_ratio": 1.0,
    "position": [
        0.06201530247926712,
        0.011742628179490566,
        -0.03278275579214096
    ],
    "principal_point": [
        358.8895263671875,
        484.92236328125
    ],
    "radial_distortion": [
        0.0,
        0.0,
        0.0
    ],
    "skew": 0.0,
    "tangential_distortion": [
        0.0,
        0.0
    ]
}