{
    "focal_length": 719.9471435546875,
    "image_size": [
        720,
        960
    ],
    "orientation": [
        [
            0.9670488834381104,
            -0.008156569674611092,
            -0.2544601261615753
        ],
        [
            0.02065456472337246,
            -0.9936784505844116,
            0.11034727096557617
        ],
        [
            -0.25375160574913025,
            -0.11196696758270264,
            -0.9607671499252319
        ]
    ],
    "pixel_aspect_ratio": 1.0,
    "position": [
        0.27527618408203125,
        -0.009384230710566044,
        -0.05258695036172867
    ],
    "principal_point": [
        358.8895263671875,
        484.92236328125
    ],
    "radial_distortion": [
        0.0,
        0.0,
        0.0
    ],
    "skew": 0.0,
    "tangential_distortion": [
        0.0,
        0.0
    ]
}