{
    "focal_length": 719.9471435546875,
    "image_size": [
        720,
        960
    ],
    "orientation": [
        [
            0.9964594841003418,
            0.03590226545929909,
            0.07602329552173615
        ],
        [
            0.039811696857213974,
            -0.9979277849197388,
            -0.05054861307144165
        ],
        [
            0.07405095547437668,
            0.053396258503198624,
            -0.9958239197731018
        ]
    ],
    "pixel_aspect_ratio": 1.0,
    "position": [
        -0.005215339362621307,
        0.00035439059138298035,
        0.012873530387878418
    ],
    "principal_point": [
        358.8895263671875,
        484.92236328125
    ],
    "radial_distortion": [
        0.0,
        0.0,
        0.0
    ],
    "skew": 0.0,
    "tangential_distortion": [
        0.0,
        0.0
    ]
}