{
    "focal_length": 719.9471435546875,
    "image_size": [
        720,
        960
    ],
    "orientation": [
        [
            0.9596977233886719,
            0.10549753159284592,
            -0.26048141717910767
        ],
        [
            0.1276041716337204,
            -0.9893926978111267,
            0.06942125409841537
        ],
        [
            -0.25039464235305786,
            -0.09986193478107452,
            -0.962979793548584
        ]
    ],
    "pixel_aspect_ratio": 1.0,
    "position": [
        0.17395900189876556,
        0.0101154251024127,
        -0.06979547441005707
    ],
    "principal_point": [
        358.8895263671875,
        484.92236328125
    ],
    "radial_distortion": [
        0.0,
        0.0,
        0.0
    ],
    "skew": 0.0,
    "tangential_distortion": [
        0.0,
        0.0
    ]
}