{
    "focal_length": 719.9471435546875,
    "image_size": [
        720,
        960
    ],
    "orientation": [
        [
            0.9926093816757202,
            0.12006700783967972,
            -0.01762273721396923
        ],
        [
            0.1190204843878746,
            -0.9915451407432556,
            -0.05169523507356644
        ],
        [
            -0.023680631071329117,
            0.049215707927942276,
            -0.9985073804855347
        ]
    ],
    "pixel_aspect_ratio": 1.0,
    "position": [
        0.04769267141819,
        0.014714255928993225,
        -0.024740319699048996
    ],
    "principal_point": [
        358.8895263671875,
        484.92236328125
    ],
    "radial_distortion": [
        0.0,
        0.0,
        0.0
    ],
    "skew": 0.0,
    "tangential_distortion": [
        0.0,
        0.0
    ]
}