{
    "focal_length": 719.9471435546875,
    "image_size": [
        720,
        960
    ],
    "orientation": [
        [
            0.6268027424812317,
            0.17358075082302094,
            -0.7595973014831543
        ],
        [
            0.1642116904258728,
            -0.9824026823043823,
            -0.08899170160293579
        ],
        [
            -0.7616776823997498,
            -0.06895451247692108,
            -0.6442766785621643
        ]
    ],
    "pixel_aspect_ratio": 1.0,
    "position": [
        0.5209915041923523,
        0.03118409961462021,
        -0.2348330318927765
    ],
    "principal_point": [
        358.8895263671875,
        484.92236328125
    ],
    "radial_distortion": [
        0.0,
        0.0,
        0.0
    ],
    "skew": 0.0,
    "tangential_distortion": [
        0.0,
        0.0
    ]
}