{
    "focal_length": 719.9471435546875,
    "image_size": [
        720,
        960
    ],
    "orientation": [
        [
            0.9933155179023743,
            0.10426867753267288,
            -0.049520865082740784
        ],
        [
            0.10438808798789978,
            -0.9945366382598877,
            -0.00017597273108549416
        ],
        [
            -0.04926866292953491,
            -0.004994592163711786,
            -0.9987730979919434
        ]
    ],
    "pixel_aspect_ratio": 1.0,
    "position": [
        0.11892057210206985,
        0.016875915229320526,
        -0.05018775537610054
    ],
    "principal_point": [
        358.8895263671875,
        484.92236328125
    ],
    "radial_distortion": [
        0.0,
        0.0,
        0.0
    ],
    "skew": 0.0,
    "tangential_distortion": [
        0.0,
        0.0
    ]
}