{
    "focal_length": 719.9471435546875,
    "image_size": [
        720,
        960
    ],
    "orientation": [
        [
            0.7050689458847046,
            0.15504063665866852,
            -0.6919828057289124
        ],
        [
            0.162301167845726,
            -0.9851868748664856,
            -0.05536336079239845
        ],
        [
            -0.6903159618377686,
            -0.0732746347784996,
            -0.7197879552841187
        ]
    ],
    "pixel_aspect_ratio": 1.0,
    "position": [
        0.518397867679596,
        0.03334944322705269,
        -0.22269731760025024
    ],
    "principal_point": [
        358.8895263671875,
        484.92236328125
    ],
    "radial_distortion": [
        0.0,
        0.0,
        0.0
    ],
    "skew": 0.0,
    "tangential_distortion": [
        0.0,
        0.0
    ]
}