{
    "focal_length": 719.9471435546875,
    "image_size": [
        720,
        960
    ],
    "orientation": [
        [
            0.6548624038696289,
            0.17097246646881104,
            -0.7361546158790588
        ],
        [
            0.1771366447210312,
            -0.9816639423370361,
            -0.07041642814874649
        ],
        [
            -0.7346957325935364,
            -0.0842868834733963,
            -0.673140287399292
        ]
    ],
    "pixel_aspect_ratio": 1.0,
    "position": [
        0.5299749970436096,
        0.03532989323139191,
        -0.24264416098594666
    ],
    "principal_point": [
        358.8895263671875,
        484.92236328125
    ],
    "radial_distortion": [
        0.0,
        0.0,
        0.0
    ],
    "skew": 0.0,
    "tangential_distortion": [
        0.0,
        0.0
    ]
}