{
    "focal_length": 719.9471435546875,
    "image_size": [
        720,
        960
    ],
    "orientation": [
        [
            0.7940955758094788,
            0.12875430285930634,
            -0.5939987897872925
        ],
        [
            0.14988018572330475,
            -0.9886061549186707,
            -0.013919396325945854
        ],
        [
            -0.5890230536460876,
            -0.0779753252863884,
            -0.8043454885482788
        ]
    ],
    "pixel_aspect_ratio": 1.0,
    "position": [
        0.4662624001502991,
        0.01886782795190811,
        -0.18191857635974884
    ],
    "principal_point": [
        358.8895263671875,
        484.92236328125
    ],
    "radial_distortion": [
        0.0,
        0.0,
        0.0
    ],
    "skew": 0.0,
    "tangential_distortion": [
        0.0,
        0.0
    ]
}