{
    "focal_length": 719.9471435546875,
    "image_size": [
        720,
        960
    ],
    "orientation": [
        [
            0.7021892070770264,
            0.1567770093679428,
            -0.6945151686668396
        ],
        [
            0.17173044383525848,
            -0.983950138092041,
            -0.04848489910364151
        ],
        [
            -0.6909695863723755,
            -0.08522381633520126,
            -0.7178425192832947
        ]
    ],
    "pixel_aspect_ratio": 1.0,
    "position": [
        0.5187594294548035,
        0.03444598987698555,
        -0.22647394239902496
    ],
    "principal_point": [
        358.8895263671875,
        484.92236328125
    ],
    "radial_distortion": [
        0.0,
        0.0,
        0.0
    ],
    "skew": 0.0,
    "tangential_distortion": [
        0.0,
        0.0
    ]
}