{
    "focal_length": 719.9471435546875,
    "image_size": [
        720,
        960
    ],
    "orientation": [
        [
            0.6965603828430176,
            0.1687130481004715,
            -0.6973804831504822
        ],
        [
            0.19655728340148926,
            -0.9796483516693115,
            -0.04067426919937134
        ],
        [
            -0.690049946308136,
            -0.10874313116073608,
            -0.7155459523200989
        ]
    ],
    "pixel_aspect_ratio": 1.0,
    "position": [
        0.5197070240974426,
        0.03616281971335411,
        -0.2368994504213333
    ],
    "principal_point": [
        358.8895263671875,
        484.92236328125
    ],
    "radial_distortion": [
        0.0,
        0.0,
        0.0
    ],
    "skew": 0.0,
    "tangential_distortion": [
        0.0,
        0.0
    ]
}