{
    "focal_length": 719.9471435546875,
    "image_size": [
        720,
        960
    ],
    "orientation": [
        [
            0.9323655962944031,
            0.09075978398323059,
            -0.34993869066238403
        ],
        [
            0.111312136054039,
            -0.9930188655853271,
            0.03902805969119072
        ],
        [
            -0.34395354986190796,
            -0.07534084469079971,
            -0.9359592795372009
        ]
    ],
    "pixel_aspect_ratio": 1.0,
    "position": [
        0.22543762624263763,
        0.005358616355806589,
        -0.052325837314128876
    ],
    "principal_point": [
        358.8895263671875,
        484.92236328125
    ],
    "radial_distortion": [
        0.0,
        0.0,
        0.0
    ],
    "skew": 0.0,
    "tangential_distortion": [
        0.0,
        0.0
    ]
}