{
    "focal_length": 719.9471435546875,
    "image_size": [
        720,
        960
    ],
    "orientation": [
        [
            0.9375190138816833,
            0.10972797125577927,
            -0.33017849922180176
        ],
        [
            0.13753117620944977,
            -0.9885560870170593,
            0.061984188854694366
        ],
        [
            -0.31959855556488037,
            -0.1035211905837059,
            -0.9418811798095703
        ]
    ],
    "pixel_aspect_ratio": 1.0,
    "position": [
        0.18540814518928528,
        0.008630347438156605,
        -0.06563672423362732
    ],
    "principal_point": [
        358.8895263671875,
        484.92236328125
    ],
    "radial_distortion": [
        0.0,
        0.0,
        0.0
    ],
    "skew": 0.0,
    "tangential_distortion": [
        0.0,
        0.0
    ]
}