{
    "focal_length": 719.9471435546875,
    "image_size": [
        720,
        960
    ],
    "orientation": [
        [
            0.9956110715866089,
            0.0935869961977005,
            -0.0002614905242808163
        ],
        [
            0.09350418299436569,
            -0.9948400855064392,
            -0.03937274217605591
        ],
        [
            -0.003944918047636747,
            0.03917548805475235,
            -0.9992245435714722
        ]
    ],
    "pixel_aspect_ratio": 1.0,
    "position": [
        0.03385881334543228,
        0.015338252298533916,
        -0.017485935240983963
    ],
    "principal_point": [
        358.8895263671875,
        484.92236328125
    ],
    "radial_distortion": [
        0.0,
        0.0,
        0.0
    ],
    "skew": 0.0,
    "tangential_distortion": [
        0.0,
        0.0
    ]
}