{
    "focal_length": 719.9471435546875,
    "image_size": [
        720,
        960
    ],
    "orientation": [
        [
            0.9064404964447021,
            0.0567181259393692,
            -0.4185076951980591
        ],
        [
            0.12060318142175674,
            -0.9844403862953186,
            0.127796933054924
        ],
        [
            -0.40474745631217957,
            -0.16631367802619934,
            -0.8991770148277283
        ]
    ],
    "pixel_aspect_ratio": 1.0,
    "position": [
        0.295301616191864,
        0.011942685581743717,
        -0.04604869708418846
    ],
    "principal_point": [
        358.8895263671875,
        484.92236328125
    ],
    "radial_distortion": [
        0.0,
        0.0,
        0.0
    ],
    "skew": 0.0,
    "tangential_distortion": [
        0.0,
        0.0
    ]
}