{
    "focal_length": 719.9471435546875,
    "image_size": [
        720,
        960
    ],
    "orientation": [
        [
            0.8222156763076782,
            0.11367381364107132,
            -0.557709276676178
        ],
        [
            0.15053454041481018,
            -0.9883927702903748,
            0.020472107455134392
        ],
        [
            -0.5489086508750916,
            -0.10078699886798859,
            -0.8297838568687439
        ]
    ],
    "pixel_aspect_ratio": 1.0,
    "position": [
        0.3640570044517517,
        0.028273802250623703,
        -0.11940766870975494
    ],
    "principal_point": [
        358.8895263671875,
        484.92236328125
    ],
    "radial_distortion": [
        0.0,
        0.0,
        0.0
    ],
    "skew": 0.0,
    "tangential_distortion": [
        0.0,
        0.0
    ]
}