{
    "focal_length": 719.9471435546875,
    "image_size": [
        720,
        960
    ],
    "orientation": [
        [
            0.9916958212852478,
            0.11936085671186447,
            -0.047879014164209366
        ],
        [
            0.11787337064743042,
            -0.992487370967865,
            -0.03278278931975365
        ],
        [
            -0.051432300359010696,
            0.026866892352700233,
            -0.9983150362968445
        ]
    ],
    "pixel_aspect_ratio": 1.0,
    "position": [
        0.09650983661413193,
        0.014035126194357872,
        -0.03985197842121124
    ],
    "principal_point": [
        358.8895263671875,
        484.92236328125
    ],
    "radial_distortion": [
        0.0,
        0.0,
        0.0
    ],
    "skew": 0.0,
    "tangential_distortion": [
        0.0,
        0.0
    ]
}