{
    "focal_length": 719.9471435546875,
    "image_size": [
        720,
        960
    ],
    "orientation": [
        [
            0.9361464977264404,
            0.010506683960556984,
            -0.3514532446861267
        ],
        [
            0.039137061685323715,
            -0.9964558482170105,
            0.07445819675922394
        ],
        [
            -0.349425345659256,
            -0.08345862478017807,
            -0.9332398176193237
        ]
    ],
    "pixel_aspect_ratio": 1.0,
    "position": [
        0.32169926166534424,
        -0.0076439036056399345,
        -0.0768437385559082
    ],
    "principal_point": [
        358.8895263671875,
        484.92236328125
    ],
    "radial_distortion": [
        0.0,
        0.0,
        0.0
    ],
    "skew": 0.0,
    "tangential_distortion": [
        0.0,
        0.0
    ]
}