{
    "focal_length": 719.9471435546875,
    "image_size": [
        720,
        960
    ],
    "orientation": [
        [
            0.951094925403595,
            0.00585249625146389,
            -0.3088432848453522
        ],
        [
            0.023852813988924026,
            -0.9982266426086426,
            0.05453954637050629
        ],
        [
            -0.3079764246940613,
            -0.059239067137241364,
            -0.9495479464530945
        ]
    ],
    "pixel_aspect_ratio": 1.0,
    "position": [
        0.3072810471057892,
        -0.006666680797934532,
        -0.06402678042650223
    ],
    "principal_point": [
        358.8895263671875,
        484.92236328125
    ],
    "radial_distortion": [
        0.0,
        0.0,
        0.0
    ],
    "skew": 0.0,
    "tangential_distortion": [
        0.0,
        0.0
    ]
}