{
    "focal_length": 719.9471435546875,
    "image_size": [
        720,
        960
    ],
    "orientation": [
        [
            0.9915084838867188,
            0.12243758887052536,
            -0.04381687194108963
        ],
        [
            0.1212160661816597,
            -0.9921866059303284,
            -0.029535969719290733
        ],
        [
            -0.04709082469344139,
            0.02397385612130165,
            -0.9986028671264648
        ]
    ],
    "pixel_aspect_ratio": 1.0,
    "position": [
        0.07624177634716034,
        0.011699804104864597,
        -0.03418358415365219
    ],
    "principal_point": [
        358.8895263671875,
        484.92236328125
    ],
    "radial_distortion": [
        0.0,
        0.0,
        0.0
    ],
    "skew": 0.0,
    "tangential_distortion": [
        0.0,
        0.0
    ]
}