{
    "focal_length": 719.9471435546875,
    "image_size": [
        720,
        960
    ],
    "orientation": [
        [
            0.9907034039497375,
            0.13369841873645782,
            -0.025130560621619225
        ],
        [
            0.1328713446855545,
            -0.9906126260757446,
            -0.032122332602739334
        ],
        [
            -0.029189355671405792,
            0.02848457172513008,
            -0.9991679787635803
        ]
    ],
    "pixel_aspect_ratio": 1.0,
    "position": [
        0.05441974103450775,
        0.013090607710182667,
        -0.029527006670832634
    ],
    "principal_point": [
        358.8895263671875,
        484.92236328125
    ],
    "radial_distortion": [
        0.0,
        0.0,
        0.0
    ],
    "skew": 0.0,
    "tangential_distortion": [
        0.0,
        0.0
    ]
}