{
    "focal_length": 719.9471435546875,
    "image_size": [
        720,
        960
    ],
    "orientation": [
        [
            0.7648717761039734,
            0.1468648910522461,
            -0.6272175312042236
        ],
        [
            0.17186114192008972,
            -0.9848965406417847,
            -0.021037330850958824
        ],
        [
            -0.6208340525627136,
            -0.09170346707105637,
            -0.7785599231719971
        ]
    ],
    "pixel_aspect_ratio": 1.0,
    "position": [
        0.48433825373649597,
        0.022192399948835373,
        -0.19814904034137726
    ],
    "principal_point": [
        358.8895263671875,
        484.92236328125
    ],
    "radial_distortion": [
        0.0,
        0.0,
        0.0
    ],
    "skew": 0.0,
    "tangential_distortion": [
        0.0,
        0.0
    ]
}