{
    "focal_length": 719.9471435546875,
    "image_size": [
        720,
        960
    ],
    "orientation": [
        [
            0.8042553663253784,
            0.15047913789749146,
            -0.5749167799949646
        ],
        [
            0.17318060994148254,
            -0.984768271446228,
            -0.015490323305130005
        ],
        [
            -0.568490743637085,
            -0.08710625767707825,
            -0.8180652260780334
        ]
    ],
    "pixel_aspect_ratio": 1.0,
    "position": [
        0.3874679207801819,
        0.024664554744958878,
        -0.1306251883506775
    ],
    "principal_point": [
        358.8895263671875,
        484.92236328125
    ],
    "radial_distortion": [
        0.0,
        0.0,
        0.0
    ],
    "skew": 0.0,
    "tangential_distortion": [
        0.0,
        0.0
    ]
}