{
    "focal_length": 719.9471435546875,
    "image_size": [
        720,
        960
    ],
    "orientation": [
        [
            0.5590795278549194,
            0.17510929703712463,
            -0.8104115128517151
        ],
        [
            0.14029954373836517,
            -0.9833276867866516,
            -0.11568346619606018
        ],
        [
            -0.8171573281288147,
            -0.049024101346731186,
            -0.5743261575698853
        ]
    ],
    "pixel_aspect_ratio": 1.0,
    "position": [
        0.5044351816177368,
        0.02492455765604973,
        -0.21987582743167877
    ],
    "principal_point": [
        358.8895263671875,
        484.92236328125
    ],
    "radial_distortion": [
        0.0,
        0.0,
        0.0
    ],
    "skew": 0.0,
    "tangential_distortion": [
        0.0,
        0.0
    ]
}