{
    "focal_length": 719.9471435546875,
    "image_size": [
        720,
        960
    ],
    "orientation": [
        [
            0.9953761100769043,
            -0.004268176853656769,
            0.09595932066440582
        ],
        [
            -0.0027170658577233553,
            -0.9998636245727539,
            -0.01628911681473255
        ],
        [
            0.09601575881242752,
            0.015953069552779198,
            -0.9952519536018372
        ]
    ],
    "pixel_aspect_ratio": 1.0,
    "position": [
        0.002921693492680788,
        0.0003039257717318833,
        0.006142216268926859
    ],
    "principal_point": [
        358.8895263671875,
        484.92236328125
    ],
    "radial_distortion": [
        0.0,
        0.0,
        0.0
    ],
    "skew": 0.0,
    "tangential_distortion": [
        0.0,
        0.0
    ]
}