{
    "focal_length": 719.9471435546875,
    "image_size": [
        720,
        960
    ],
    "orientation": [
        [
            0.989687442779541,
            0.10917054861783981,
            -0.09273911267518997
        ],
        [
            0.11026604473590851,
            -0.9938791394233704,
            0.006756492890417576
        ],
        [
            -0.09143386036157608,
            -0.016912791877985,
            -0.9956675171852112
        ]
    ],
    "pixel_aspect_ratio": 1.0,
    "position": [
        0.13453704118728638,
        0.017617598176002502,
        -0.05908532068133354
    ],
    "principal_point": [
        358.8895263671875,
        484.92236328125
    ],
    "radial_distortion": [
        0.0,
        0.0,
        0.0
    ],
    "skew": 0.0,
    "tangential_distortion": [
        0.0,
        0.0
    ]
}