{
    "focal_length": 719.9471435546875,
    "image_size": [
        720,
        960
    ],
    "orientation": [
        [
            0.8490376472473145,
            0.11163497716188431,
            -0.5164036154747009
        ],
        [
            0.15593531727790833,
            -0.9868287444114685,
            0.04304841160774231
        ],
        [
            -0.5047962069511414,
            -0.11707528680562973,
            -0.8552626371383667
        ]
    ],
    "pixel_aspect_ratio": 1.0,
    "position": [
        0.40654945373535156,
        0.0023069309536367655,
        -0.14077813923358917
    ],
    "principal_point": [
        358.8895263671875,
        484.92236328125
    ],
    "radial_distortion": [
        0.0,
        0.0,
        0.0
    ],
    "skew": 0.0,
    "tangential_distortion": [
        0.0,
        0.0
    ]
}