{
    "focal_length": 719.9471435546875,
    "image_size": [
        720,
        960
    ],
    "orientation": [
        [
            0.8447739481925964,
            0.11555978655815125,
            -0.5224968194961548
        ],
        [
            0.14808803796768188,
            -0.988756537437439,
            0.0207473486661911
        ],
        [
            -0.5142245888710022,
            -0.09490235149860382,
            -0.8523887991905212
        ]
    ],
    "pixel_aspect_ratio": 1.0,
    "position": [
        0.43231356143951416,
        0.005114509724080563,
        -0.1534658968448639
    ],
    "principal_point": [
        358.8895263671875,
        484.92236328125
    ],
    "radial_distortion": [
        0.0,
        0.0,
        0.0
    ],
    "skew": 0.0,
    "tangential_distortion": [
        0.0,
        0.0
    ]
}