{
    "focal_length": 719.9471435546875,
    "image_size": [
        720,
        960
    ],
    "orientation": [
        [
            0.5434187054634094,
            0.17177066206932068,
            -0.8217000365257263
        ],
        [
            0.14029228687286377,
            -0.9836583137512207,
            -0.1128467544913292
        ],
        [
            -0.8276558518409729,
            -0.05395514518022537,
            -0.5586364269256592
        ]
    ],
    "pixel_aspect_ratio": 1.0,
    "position": [
        0.5009778141975403,
        0.024216458201408386,
        -0.21781215071678162
    ],
    "principal_point": [
        358.8895263671875,
        484.92236328125
    ],
    "radial_distortion": [
        0.0,
        0.0,
        0.0
    ],
    "skew": 0.0,
    "tangential_distortion": [
        0.0,
        0.0
    ]
}