{
    "focal_length": 719.9471435546875,
    "image_size": [
        720,
        960
    ],
    "orientation": [
        [
            0.9746977686882019,
            0.10157153755426407,
            -0.19911684095859528
        ],
        [
            0.11702775955200195,
            -0.9908370971679688,
            0.06742699444293976
        ],
        [
            -0.19044369459152222,
            -0.08902313560247421,
            -0.9776533842086792
        ]
    ],
    "pixel_aspect_ratio": 1.0,
    "position": [
        0.16433581709861755,
        0.012063083238899708,
        -0.07111133635044098
    ],
    "principal_point": [
        358.8895263671875,
        484.92236328125
    ],
    "radial_distortion": [
        0.0,
        0.0,
        0.0
    ],
    "skew": 0.0,
    "tangential_distortion": [
        0.0,
        0.0
    ]
}