{
    "focal_length": 719.9471435546875,
    "image_size": [
        720,
        960
    ],
    "orientation": [
        [
            0.9998183250427246,
            0.013389309868216515,
            0.013566430658102036
        ],
        [
            0.013035627081990242,
            -0.9995813369750977,
            0.025831762701272964
        ],
        [
            0.013906619511544704,
            -0.02565022185444832,
            -0.9995742440223694
        ]
    ],
    "pixel_aspect_ratio": 1.0,
    "position": [
        -0.0003636106848716736,
        -0.00026742182672023773,
        5.8706849813461304e-05
    ],
    "principal_point": [
        358.8895263671875,
        484.92236328125
    ],
    "radial_distortion": [
        0.0,
        0.0,
        0.0
    ],
    "skew": 0.0,
    "tangential_distortion": [
        0.0,
        0.0
    ]
}