{
    "focal_length": 719.9471435546875,
    "image_size": [
        720,
        960
    ],
    "orientation": [
        [
            0.8567473292350769,
            0.04931673780083656,
            -0.513373076915741
        ],
        [
            0.11327560991048813,
            -0.9891047477722168,
            0.09402354806661606
        ],
        [
            -0.5031428337097168,
            -0.13870707154273987,
            -0.852999210357666
        ]
    ],
    "pixel_aspect_ratio": 1.0,
    "position": [
        0.32903316617012024,
        0.013600981794297695,
        -0.09462878108024597
    ],
    "principal_point": [
        358.8895263671875,
        484.92236328125
    ],
    "radial_distortion": [
        0.0,
        0.0,
        0.0
    ],
    "skew": 0.0,
    "tangential_distortion": [
        0.0,
        0.0
    ]
}