{
    "focal_length": 719.9471435546875,
    "image_size": [
        720,
        960
    ],
    "orientation": [
        [
            0.6747764945030212,
            0.16267728805541992,
            -0.7198699712753296
        ],
        [
            0.17394910752773285,
            -0.9829806685447693,
            -0.05908270552754402
        ],
        [
            -0.7172296643257141,
            -0.08535312116146088,
            -0.6915897727012634
        ]
    ],
    "pixel_aspect_ratio": 1.0,
    "position": [
        0.5318910479545593,
        0.0356454998254776,
        -0.2403779774904251
    ],
    "principal_point": [
        358.8895263671875,
        484.92236328125
    ],
    "radial_distortion": [
        0.0,
        0.0,
        0.0
    ],
    "skew": 0.0,
    "tangential_distortion": [
        0.0,
        0.0
    ]
}