{
    "focal_length": 719.9471435546875,
    "image_size": [
        720,
        960
    ],
    "orientation": [
        [
            0.6452116966247559,
            0.17235176265239716,
            -0.7443096041679382
        ],
        [
            0.16756181418895721,
            -0.9824256300926208,
            -0.08223721385002136
        ],
        [
            -0.7454025149345398,
            -0.0716574490070343,
            -0.6627520322799683
        ]
    ],
    "pixel_aspect_ratio": 1.0,
    "position": [
        0.5293846130371094,
        0.03394061326980591,
        -0.24113264679908752
    ],
    "principal_point": [
        358.8895263671875,
        484.92236328125
    ],
    "radial_distortion": [
        0.0,
        0.0,
        0.0
    ],
    "skew": 0.0,
    "tangential_distortion": [
        0.0,
        0.0
    ]
}