{
    "focal_length": 719.9471435546875,
    "image_size": [
        720,
        960
    ],
    "orientation": [
        [
            0.890802800655365,
            0.0656687319278717,
            -0.4496198296546936
        ],
        [
            0.1259709745645523,
            -0.9864071607589722,
            0.10550955682992935
        ],
        [
            -0.43657952547073364,
            -0.1506272554397583,
            -0.8869665861129761
        ]
    ],
    "pixel_aspect_ratio": 1.0,
    "position": [
        0.31128665804862976,
        0.012606135569512844,
        -0.06477658450603485
    ],
    "principal_point": [
        358.8895263671875,
        484.92236328125
    ],
    "radial_distortion": [
        0.0,
        0.0,
        0.0
    ],
    "skew": 0.0,
    "tangential_distortion": [
        0.0,
        0.0
    ]
}