{
    "focal_length": 719.9471435546875,
    "image_size": [
        720,
        960
    ],
    "orientation": [
        [
            0.8757206201553345,
            0.07354186475276947,
            -0.4771844446659088
        ],
        [
            0.10245766490697861,
            -0.9941278696060181,
            0.034817300736904144
        ],
        [
            -0.4718218147754669,
            -0.07938142865896225,
            -0.8781132102012634
        ]
    ],
    "pixel_aspect_ratio": 1.0,
    "position": [
        0.3693663477897644,
        0.0008109738118946552,
        -0.10758937895298004
    ],
    "principal_point": [
        358.8895263671875,
        484.92236328125
    ],
    "radial_distortion": [
        0.0,
        0.0,
        0.0
    ],
    "skew": 0.0,
    "tangential_distortion": [
        0.0,
        0.0
    ]
}