{
    "focal_length": 719.9471435546875,
    "image_size": [
        720,
        960
    ],
    "orientation": [
        [
            0.5681446194648743,
            0.16080611944198608,
            -0.8070644736289978
        ],
        [
            0.13020823895931244,
            -0.9859341979026794,
            -0.10478361696004868
        ],
        [
            -0.8125622868537903,
            -0.04555420204997063,
            -0.5810914635658264
        ]
    ],
    "pixel_aspect_ratio": 1.0,
    "position": [
        0.4954768419265747,
        0.02375074103474617,
        -0.20536592602729797
    ],
    "principal_point": [
        358.8895263671875,
        484.92236328125
    ],
    "radial_distortion": [
        0.0,
        0.0,
        0.0
    ],
    "skew": 0.0,
    "tangential_distortion": [
        0.0,
        0.0
    ]
}