{
    "focal_length": 719.9471435546875,
    "image_size": [
        720,
        960
    ],
    "orientation": [
        [
            0.9755638837814331,
            -0.04636797681450844,
            -0.21476750075817108
        ],
        [
            -0.025252221152186394,
            -0.9946629405021667,
            0.10004005581140518
        ],
        [
            -0.21825993061065674,
            -0.09217211604118347,
            -0.9715281128883362
        ]
    ],
    "pixel_aspect_ratio": 1.0,
    "position": [
        0.23345966637134552,
        -0.01555637177079916,
        -0.043840665370225906
    ],
    "principal_point": [
        358.8895263671875,
        484.92236328125
    ],
    "radial_distortion": [
        0.0,
        0.0,
        0.0
    ],
    "skew": 0.0,
    "tangential_distortion": [
        0.0,
        0.0
    ]
}