{
    "focal_length": 719.9471435546875,
    "image_size": [
        720,
        960
    ],
    "orientation": [
        [
            0.6566435694694519,
            0.17136238515377045,
            -0.7344754338264465
        ],
        [
            0.17777325212955475,
            -0.9815730452537537,
            -0.07007864117622375
        ],
        [
            -0.7329500913619995,
            -0.08455339074134827,
            -0.6750072836875916
        ]
    ],
    "pixel_aspect_ratio": 1.0,
    "position": [
        0.5301945209503174,
        0.035821475088596344,
        -0.24229831993579865
    ],
    "principal_point": [
        358.8895263671875,
        484.92236328125
    ],
    "radial_distortion": [
        0.0,
        0.0,
        0.0
    ],
    "skew": 0.0,
    "tangential_distortion": [
        0.0,
        0.0
    ]
}