{
    "focal_length": 719.9471435546875,
    "image_size": [
        720,
        960
    ],
    "orientation": [
        [
            0.9960905313491821,
            0.05829792097210884,
            0.06637025624513626
        ],
        [
            0.057450439780950546,
            -0.9982414841651917,
            0.01460842601954937
        ],
        [
            0.06710518896579742,
            -0.010738314129412174,
            -0.9976881146430969
        ]
    ],
    "pixel_aspect_ratio": 1.0,
    "position": [
        -0.008690237998962402,
        0.0016516330651938915,
        0.007408611476421356
    ],
    "principal_point": [
        358.8895263671875,
        484.92236328125
    ],
    "radial_distortion": [
        0.0,
        0.0,
        0.0
    ],
    "skew": 0.0,
    "tangential_distortion": [
        0.0,
        0.0
    ]
}