{
    "focal_length": 719.9471435546875,
    "image_size": [
        720,
        960
    ],
    "orientation": [
        [
            0.7425385117530823,
            0.1594964563846588,
            -0.650536298751831
        ],
        [
            0.17672766745090485,
            -0.9834707379341125,
            -0.039402883499860764
        ],
        [
            -0.6460680365562439,
            -0.08570960909128189,
            -0.7584523558616638
        ]
    ],
    "pixel_aspect_ratio": 1.0,
    "position": [
        0.4960073232650757,
        0.024398373439908028,
        -0.2051207423210144
    ],
    "principal_point": [
        358.8895263671875,
        484.92236328125
    ],
    "radial_distortion": [
        0.0,
        0.0,
        0.0
    ],
    "skew": 0.0,
    "tangential_distortion": [
        0.0,
        0.0
    ]
}