{
    "focal_length": 719.9471435546875,
    "image_size": [
        720,
        960
    ],
    "orientation": [
        [
            0.9242390990257263,
            0.06001898646354675,
            -0.3770674169063568
        ],
        [
            0.10859053581953049,
            -0.9881048798561096,
            0.10888919234275818
        ],
        [
            -0.3660467565059662,
            -0.1415856033563614,
            -0.9197626113891602
        ]
    ],
    "pixel_aspect_ratio": 1.0,
    "position": [
        0.28661543130874634,
        0.01201249472796917,
        -0.04457541182637215
    ],
    "principal_point": [
        358.8895263671875,
        484.92236328125
    ],
    "radial_distortion": [
        0.0,
        0.0,
        0.0
    ],
    "skew": 0.0,
    "tangential_distortion": [
        0.0,
        0.0
    ]
}