{
    "focal_length": 719.9471435546875,
    "image_size": [
        720,
        960
    ],
    "orientation": [
        [
            0.9652876853942871,
            -0.0062568229623138905,
            -0.2611139416694641
        ],
        [
            0.0201402697712183,
            -0.9949533939361572,
            0.09829580038785934
        ],
        [
            -0.26041120290756226,
            -0.10014263540506363,
            -0.9602903127670288
        ]
    ],
    "pixel_aspect_ratio": 1.0,
    "position": [
        0.280243456363678,
        -0.008713302202522755,
        -0.05355260148644447
    ],
    "principal_point": [
        358.8895263671875,
        484.92236328125
    ],
    "radial_distortion": [
        0.0,
        0.0,
        0.0
    ],
    "skew": 0.0,
    "tangential_distortion": [
        0.0,
        0.0
    ]
}