{
    "focal_length": 719.9471435546875,
    "image_size": [
        720,
        960
    ],
    "orientation": [
        [
            0.8205015659332275,
            0.12091295421123505,
            -0.5587103366851807
        ],
        [
            0.14445364475250244,
            -0.9895095229148865,
            -0.002004752866923809
        ],
        [
            -0.5530915856361389,
            -0.07906284183263779,
            -0.8293604254722595
        ]
    ],
    "pixel_aspect_ratio": 1.0,
    "position": [
        0.44524580240249634,
        0.01206601969897747,
        -0.1640038788318634
    ],
    "principal_point": [
        358.8895263671875,
        484.92236328125
    ],
    "radial_distortion": [
        0.0,
        0.0,
        0.0
    ],
    "skew": 0.0,
    "tangential_distortion": [
        0.0,
        0.0
    ]
}