{
    "focal_length": 719.9471435546875,
    "image_size": [
        720,
        960
    ],
    "orientation": [
        [
            0.9117971062660217,
            0.05825340375304222,
            -0.4064880907535553
        ],
        [
            0.11788377165794373,
            -0.9853533506393433,
            0.12321615219116211
        ],
        [
            -0.3933566212654114,
            -0.16026648879051208,
            -0.9053094387054443
        ]
    ],
    "pixel_aspect_ratio": 1.0,
    "position": [
        0.2910436689853668,
        0.011997729539871216,
        -0.04552632197737694
    ],
    "principal_point": [
        358.8895263671875,
        484.92236328125
    ],
    "radial_distortion": [
        0.0,
        0.0,
        0.0
    ],
    "skew": 0.0,
    "tangential_distortion": [
        0.0,
        0.0
    ]
}