{
    "focal_length": 719.9471435546875,
    "image_size": [
        720,
        960
    ],
    "orientation": [
        [
            0.9953000545501709,
            0.005087839439511299,
            0.09670517593622208
        ],
        [
            0.009021872654557228,
            -0.9991474151611328,
            -0.0402870774269104
        ],
        [
            0.09641774743795395,
            0.04097019508481026,
            -0.9944974184036255
        ]
    ],
    "pixel_aspect_ratio": 1.0,
    "position": [
        -0.00017165392637252808,
        -0.0005819573998451233,
        0.009513547644019127
    ],
    "principal_point": [
        358.8895263671875,
        484.92236328125
    ],
    "radial_distortion": [
        0.0,
        0.0,
        0.0
    ],
    "skew": 0.0,
    "tangential_distortion": [
        0.0,
        0.0
    ]
}