{
    "focal_length": 719.9471435546875,
    "image_size": [
        720,
        960
    ],
    "orientation": [
        [
            0.9873625636100769,
            0.10877926647663116,
            -0.11524852365255356
        ],
        [
            0.11128067970275879,
            -0.9936684966087341,
            0.015478285029530525
        ],
        [
            -0.1128351092338562,
            -0.02810761332511902,
            -0.9932160973548889
        ]
    ],
    "pixel_aspect_ratio": 1.0,
    "position": [
        0.13982030749320984,
        0.01733049936592579,
        -0.062310948967933655
    ],
    "principal_point": [
        358.8895263671875,
        484.92236328125
    ],
    "radial_distortion": [
        0.0,
        0.0,
        0.0
    ],
    "skew": 0.0,
    "tangential_distortion": [
        0.0,
        0.0
    ]
}