{
    "focal_length": 719.9471435546875,
    "image_size": [
        720,
        960
    ],
    "orientation": [
        [
            0.9201286435127258,
            0.02430661953985691,
            -0.39086124300956726
        ],
        [
            0.05627083033323288,
            -0.9959209561347961,
            0.07053380459547043
        ],
        [
            -0.3875524699687958,
            -0.08689425885677338,
            -0.9177431464195251
        ]
    ],
    "pixel_aspect_ratio": 1.0,
    "position": [
        0.3320404589176178,
        -0.00558832474052906,
        -0.08410600572824478
    ],
    "principal_point": [
        358.8895263671875,
        484.92236328125
    ],
    "radial_distortion": [
        0.0,
        0.0,
        0.0
    ],
    "skew": 0.0,
    "tangential_distortion": [
        0.0,
        0.0
    ]
}