{
    "focal_length": 719.9471435546875,
    "image_size": [
        720,
        960
    ],
    "orientation": [
        [
            0.7547895312309265,
            0.1433292180299759,
            -0.640116810798645
        ],
        [
            0.15651492774486542,
            -0.9870028495788574,
            -0.036447301506996155
        ],
        [
            -0.6370211243629456,
            -0.07267779856920242,
            -0.767412543296814
        ]
    ],
    "pixel_aspect_ratio": 1.0,
    "position": [
        0.40891438722610474,
        0.02090943232178688,
        -0.14600996673107147
    ],
    "principal_point": [
        358.8895263671875,
        484.92236328125
    ],
    "radial_distortion": [
        0.0,
        0.0,
        0.0
    ],
    "skew": 0.0,
    "tangential_distortion": [
        0.0,
        0.0
    ]
}