{
    "focal_length": 719.9471435546875,
    "image_size": [
        720,
        960
    ],
    "orientation": [
        [
            0.8881871700286865,
            0.06383087486028671,
            -0.4550265669822693
        ],
        [
            0.1306280940771103,
            -0.9845188856124878,
            0.116871178150177
        ],
        [
            -0.4405222535133362,
            -0.16324272751808167,
            -0.8827751278877258
        ]
    ],
    "pixel_aspect_ratio": 1.0,
    "position": [
        0.3030218183994293,
        0.013087824918329716,
        -0.04967876896262169
    ],
    "principal_point": [
        358.8895263671875,
        484.92236328125
    ],
    "radial_distortion": [
        0.0,
        0.0,
        0.0
    ],
    "skew": 0.0,
    "tangential_distortion": [
        0.0,
        0.0
    ]
}