{
    "focal_length": 719.9471435546875,
    "image_size": [
        720,
        960
    ],
    "orientation": [
        [
            0.8411157131195068,
            0.11492870002985,
            -0.5285032987594604
        ],
        [
            0.14488495886325836,
            -0.9893279671669006,
            0.015445206314325333
        ],
        [
            -0.5210880041122437,
            -0.08956338465213776,
            -0.8487907648086548
        ]
    ],
    "pixel_aspect_ratio": 1.0,
    "position": [
        0.4361453652381897,
        0.006616188213229179,
        -0.15598483383655548
    ],
    "principal_point": [
        358.8895263671875,
        484.92236328125
    ],
    "radial_distortion": [
        0.0,
        0.0,
        0.0
    ],
    "skew": 0.0,
    "tangential_distortion": [
        0.0,
        0.0
    ]
}