{
    "focal_length": 719.9471435546875,
    "image_size": [
        720,
        960
    ],
    "orientation": [
        [
            0.8456370830535889,
            0.0525168776512146,
            -0.5311684608459473
        ],
        [
            0.1028253585100174,
            -0.9925360083580017,
            0.06556873768568039
        ],
        [
            -0.5237603187561035,
            -0.11006493866443634,
            -0.8447253108024597
        ]
    ],
    "pixel_aspect_ratio": 1.0,
    "position": [
        0.3367542028427124,
        0.01600055769085884,
        -0.10118789970874786
    ],
    "principal_point": [
        358.8895263671875,
        484.92236328125
    ],
    "radial_distortion": [
        0.0,
        0.0,
        0.0
    ],
    "skew": 0.0,
    "tangential_distortion": [
        0.0,
        0.0
    ]
}