{
    "focal_length": 719.9471435546875,
    "image_size": [
        720,
        960
    ],
    "orientation": [
        [
            0.7146149277687073,
            0.1550084799528122,
            -0.6821274757385254
        ],
        [
            0.16876405477523804,
            -0.984538733959198,
            -0.04692750796675682
        ],
        [
            -0.6788550615310669,
            -0.08158349990844727,
            -0.7297259569168091
        ]
    ],
    "pixel_aspect_ratio": 1.0,
    "position": [
        0.5093945264816284,
        0.029590271413326263,
        -0.21435223519802094
    ],
    "principal_point": [
        358.8895263671875,
        484.92236328125
    ],
    "radial_distortion": [
        0.0,
        0.0,
        0.0
    ],
    "skew": 0.0,
    "tangential_distortion": [
        0.0,
        0.0
    ]
}