{
    "focal_length": 719.9471435546875,
    "image_size": [
        720,
        960
    ],
    "orientation": [
        [
            0.9976276755332947,
            0.053098034113645554,
            0.04381386935710907
        ],
        [
            0.051293302327394485,
            -0.9978278279304504,
            0.04133572429418564
        ],
        [
            0.04591354355216026,
            -0.03899030387401581,
            -0.9981842041015625
        ]
    ],
    "pixel_aspect_ratio": 1.0,
    "position": [
        -0.007867768406867981,
        0.0011625802144408226,
        0.0032140593975782394
    ],
    "principal_point": [
        358.8895263671875,
        484.92236328125
    ],
    "radial_distortion": [
        0.0,
        0.0,
        0.0
    ],
    "skew": 0.0,
    "tangential_distortion": [
        0.0,
        0.0
    ]
}