{
    "focal_length": 719.9471435546875,
    "image_size": [
        720,
        960
    ],
    "orientation": [
        [
            0.881193995475769,
            0.05396430194377899,
            -0.4696647524833679
        ],
        [
            0.12650462985038757,
            -0.9841509461402893,
            0.12427183240652084
        ],
        [
            -0.4555147886276245,
            -0.16892236471176147,
            -0.8740546703338623
        ]
    ],
    "pixel_aspect_ratio": 1.0,
    "position": [
        0.3133094906806946,
        0.011787505820393562,
        -0.07112635672092438
    ],
    "principal_point": [
        358.8895263671875,
        484.92236328125
    ],
    "radial_distortion": [
        0.0,
        0.0,
        0.0
    ],
    "skew": 0.0,
    "tangential_distortion": [
        0.0,
        0.0
    ]
}