{
    "focal_length": 719.9471435546875,
    "image_size": [
        720,
        960
    ],
    "orientation": [
        [
            0.9953178763389587,
            0.07141924649477005,
            0.06512781232595444
        ],
        [
            0.06932155042886734,
            -0.9970174431800842,
            0.033921897411346436
        ],
        [
            0.06735623627901077,
            -0.02924831211566925,
            -0.9973002076148987
        ]
    ],
    "pixel_aspect_ratio": 1.0,
    "position": [
        -0.010526247322559357,
        0.0021834278013557196,
        0.004904588218778372
    ],
    "principal_point": [
        358.8895263671875,
        484.92236328125
    ],
    "radial_distortion": [
        0.0,
        0.0,
        0.0
    ],
    "skew": 0.0,
    "tangential_distortion": [
        0.0,
        0.0
    ]
}