{
    "focal_length": 719.9471435546875,
    "image_size": [
        720,
        960
    ],
    "orientation": [
        [
            0.6076979041099548,
            0.1757090538740158,
            -0.7744866609573364
        ],
        [
            0.1572757214307785,
            -0.9825292229652405,
            -0.09950223565101624
        ],
        [
            -0.7784392237663269,
            -0.06134064123034477,
            -0.6247157454490662
        ]
    ],
    "pixel_aspect_ratio": 1.0,
    "position": [
        0.5108993053436279,
        0.02797609195113182,
        -0.22629255056381226
    ],
    "principal_point": [
        358.8895263671875,
        484.92236328125
    ],
    "radial_distortion": [
        0.0,
        0.0,
        0.0
    ],
    "skew": 0.0,
    "tangential_distortion": [
        0.0,
        0.0
    ]
}