{
    "focal_length": 719.9471435546875,
    "image_size": [
        720,
        960
    ],
    "orientation": [
        [
            0.8165805339813232,
            0.135649636387825,
            -0.5610663294792175
        ],
        [
            0.1722860336303711,
            -0.9849662184715271,
            0.012610092759132385
        ],
        [
            -0.550920844078064,
            -0.10696104168891907,
            -0.8276748061180115
        ]
    ],
    "pixel_aspect_ratio": 1.0,
    "position": [
        0.3710101246833801,
        0.027204327285289764,
        -0.12351375818252563
    ],
    "principal_point": [
        358.8895263671875,
        484.92236328125
    ],
    "radial_distortion": [
        0.0,
        0.0,
        0.0
    ],
    "skew": 0.0,
    "tangential_distortion": [
        0.0,
        0.0
    ]
}