{
    "focal_length": 719.9471435546875,
    "image_size": [
        720,
        960
    ],
    "orientation": [
        [
            0.6981506943702698,
            0.16895410418510437,
            -0.6957299113273621
        ],
        [
            0.19645726680755615,
            -0.9796646237373352,
            -0.040765222162008286
        ],
        [
            -0.688469409942627,
            -0.10822091996669769,
            -0.7171458005905151
        ]
    ],
    "pixel_aspect_ratio": 1.0,
    "position": [
        0.5176841020584106,
        0.03606483340263367,
        -0.23383170366287231
    ],
    "principal_point": [
        358.8895263671875,
        484.92236328125
    ],
    "radial_distortion": [
        0.0,
        0.0,
        0.0
    ],
    "skew": 0.0,
    "tangential_distortion": [
        0.0,
        0.0
    ]
}