{
    "focal_length": 719.9471435546875,
    "image_size": [
        720,
        960
    ],
    "orientation": [
        [
            1.0,
            0.0,
            0.0
        ],
        [
            0.0,
            -1.0,
            0.0
        ],
        [
            0.0,
            0.0,
            -1.0
        ]
    ],
    "pixel_aspect_ratio": 1.0,
    "position": [
        0.0,
        4.656612873077393e-10,
        0.0
    ],
    "principal_point": [
        358.8895263671875,
        484.92236328125
    ],
    "radial_distortion": [
        0.0,
        0.0,
        0.0
    ],
    "skew": 0.0,
    "tangential_distortion": [
        0.0,
        0.0
    ]
}