{
    "focal_length": 719.9471435546875,
    "image_size": [
        720,
        960
    ],
    "orientation": [
        [
            0.7585453391075134,
            0.15050336718559265,
            -0.6340013146400452
        ],
        [
            0.17544813454151154,
            -0.9842028021812439,
            -0.023723086342215538
        ],
        [
            -0.6275562644004822,
            -0.09323930740356445,
            -0.7729679942131042
        ]
    ],
    "pixel_aspect_ratio": 1.0,
    "position": [
        0.48708438873291016,
        0.022803951054811478,
        -0.20034392178058624
    ],
    "principal_point": [
        358.8895263671875,
        484.92236328125
    ],
    "radial_distortion": [
        0.0,
        0.0,
        0.0
    ],
    "skew": 0.0,
    "tangential_distortion": [
        0.0,
        0.0
    ]
}