{
    "focal_length": 719.9471435546875,
    "image_size": [
        720,
        960
    ],
    "orientation": [
        [
            0.5659979581832886,
            0.1728726625442505,
            -0.806077778339386
        ],
        [
            0.1387265920639038,
            -0.983796238899231,
            -0.11357775330543518
        ],
        [
            -0.812650740146637,
            -0.04753965139389038,
            -0.5808086395263672
        ]
    ],
    "pixel_aspect_ratio": 1.0,
    "position": [
        0.5062753558158875,
        0.02558932825922966,
        -0.22170989215373993
    ],
    "principal_point": [
        358.8895263671875,
        484.92236328125
    ],
    "radial_distortion": [
        0.0,
        0.0,
        0.0
    ],
    "skew": 0.0,
    "tangential_distortion": [
        0.0,
        0.0
    ]
}