{
    "focal_length": 719.9471435546875,
    "image_size": [
        720,
        960
    ],
    "orientation": [
        [
            0.7784677147865295,
            0.16009731590747833,
            -0.6069241166114807
        ],
        [
            0.17235751450061798,
            -0.9842792749404907,
            -0.038564473390579224
        ],
        [
            -0.6035568714141846,
            -0.07458673417568207,
            -0.7938235998153687
        ]
    ],
    "pixel_aspect_ratio": 1.0,
    "position": [
        0.3945389688014984,
        0.023729553446173668,
        -0.13462375104427338
    ],
    "principal_point": [
        358.8895263671875,
        484.92236328125
    ],
    "radial_distortion": [
        0.0,
        0.0,
        0.0
    ],
    "skew": 0.0,
    "tangential_distortion": [
        0.0,
        0.0
    ]
}