{
    "focal_length": 719.9471435546875,
    "image_size": [
        720,
        960
    ],
    "orientation": [
        [
            0.9901952147483826,
            0.13272112607955933,
            -0.043571893125772476
        ],
        [
            0.13218331336975098,
            -0.9911115765571594,
            -0.015013552270829678
        ],
        [
            -0.04517722502350807,
            0.009106870740652084,
            -0.9989374876022339
        ]
    ],
    "pixel_aspect_ratio": 1.0,
    "position": [
        0.06616144627332687,
        0.011567729525268078,
        -0.03375580906867981
    ],
    "principal_point": [
        358.8895263671875,
        484.92236328125
    ],
    "radial_distortion": [
        0.0,
        0.0,
        0.0
    ],
    "skew": 0.0,
    "tangential_distortion": [
        0.0,
        0.0
    ]
}