{
    "focal_length": 719.9471435546875,
    "image_size": [
        720,
        960
    ],
    "orientation": [
        [
            0.9732249975204468,
            -0.020088111981749535,
            -0.22897513210773468
        ],
        [
            -0.0039682332426309586,
            -0.9974936842918396,
            0.07064427435398102
        ],
        [
            -0.2298203557729721,
            -0.06784414499998093,
            -0.9708654880523682
        ]
    ],
    "pixel_aspect_ratio": 1.0,
    "position": [
        0.24948285520076752,
        -0.014244877733290195,
        -0.042061224579811096
    ],
    "principal_point": [
        358.8895263671875,
        484.92236328125
    ],
    "radial_distortion": [
        0.0,
        0.0,
        0.0
    ],
    "skew": 0.0,
    "tangential_distortion": [
        0.0,
        0.0
    ]
}