{
    "focal_length": 728.0621948242188,
    "image_size": [
        720,
        960
    ],
    "orientation": [
        [
            0.7049072293927248,
            0.1774618831734979,
            -0.686740910366047
        ],
        [
            0.1855625743709249,
            -0.9806152132240489,
            -0.06293118929742347
        ],
        [
            -0.6845964716113472,
            -0.08307276096332039,
            -0.7241730369485078
        ]
    ],
    "pixel_aspect_ratio": 1.0,
    "position": [
        0.6132469803826539,
        0.02343151654742622,
        -0.1958560882782383
    ],
    "principal_point": [
        357.0081787109375,
        465.3565979003906
    ],
    "radial_distortion": [
        0.0,
        0.0,
        0.0
    ],
    "skew": 0.0,
    "tangential_distortion": [
        0.0,
        0.0
    ]
}