{
    "focal_length": 724.8651733398438,
    "image_size": [
        720,
        960
    ],
    "orientation": [
        [
            0.9798931186602509,
            0.05634119283007239,
            -0.19140309817966153
        ],
        [
            0.04476828110470161,
            -0.9969283617040546,
            -0.06426229560947873
        ],
        [
            -0.19443579148196702,
            0.054401393553421135,
            -0.979405539789431
        ]
    ],
    "pixel_aspect_ratio": 1.0,
    "position": [
        0.11971192846197536,
        -0.051000899041953277,
        0.0833262638865003
    ],
    "principal_point": [
        365.64556884765625,
        465.8644714355469
    ],
    "radial_distortion": [
        0.0,
        0.0,
        0.0
    ],
    "skew": 0.0,
    "tangential_distortion": [
        0.0,
        0.0
    ]
}